hour,minute,desktop,smartphone,tablet,other mobile
0,0, 3 , 3 , 3 , 5 
0,1, 4 , 4 , 5 , 7 
0,2, 4 , 2 , 4 , 5 
0,3, 3 , 2 , 2 , 7 
0,4, 3 , 3 , 4 , 8 
0,5, 3 , 2 , 5 , 6 
0,6, 3 , 2 , 6 , 6 
0,7, 3 , 2 , 5 , 6 
0,8, 4 , 3 , 4 , 7 
0,9, 3 , 4 , 4 , 6 
0,10, 4 , 3 , 3 , 6 
0,11, 3 , 3 , 2 , 7 
0,12, 2 , 3 , 3 , 7 
0,13, 3 , 3 , 1 , 6 
0,14, 4 , 3 , 4 , 7 
0,15, 3 , 4 , 3 , 8 
0,16, 3 , 3 , 3 , 8 
0,17, 4 , 3 , 5 , 6 
0,18, 4 , 3 , 4 , 7 
0,19, 5 , 2 , 3 , 8 
0,20, 4 , 3 , 4 , 7 
0,21, 4 , 2 , 2 , 6 
0,22, 4 , 3 , 2 , 8 
0,23, 4 , 1 , 3 , 7 
0,24, 4 , 3 , 3 , 6 
0,25, 4 , 3 , 4 , 5 
0,26, 4 , 2 , 4 , 5 
0,27, 4 , 3 , 3 , 7 
0,28, 4 , 2 , 3 , 6 
0,29, 4 , 2 , 3 , 7 
0,30, 4 , 2 , 3 , 6 
0,31, 4 , 3 , 2 , 8 
0,32, 4 , 2 , 3 , 8 
0,33, 3 , 2 , 3 , 8 
0,34, 5 , 2 , 3 , 7 
0,35, 3 , 3 , 2 , 8 
0,36, 4 , 3 , 2 , 6 
0,37, 3 , 3 , 2 , 7 
0,38, 3 , 2 , 2 , 7 
0,39, 3 , 2 , 3 , 6 
0,40, 3 , 3 , 4 , 8 
0,41, 3 , 3 , 2 , 7 
0,42, 4 , 3 , 2 , 5 
0,43, 3 , 3 , 4 , 7 
0,44, 3 , 3 , 3 , 5 
0,45, 3 , 4 , 3 , 6 
0,46, 4 , 2 , 3 , 6 
0,47, 3 , 2 , 3 , 5 
0,48, 2 , 3 , 4 , 6 
0,49, 3 , 3 , 5 , 6 
0,50, 3 , 3 , 4 , 6 
0,51, 3 , 3 , 4 , 7 
0,52, 2 , 3 , 4 , 4 
0,53, 3 , 2 , 3 , 5 
0,54, 3 , 4 , 4 , 4 
0,55, 3 , 3 , 5 , 4 
0,56, 4 , 2 , 5 , 6 
0,57, 3 , 2 , 4 , 5 
0,58, 2 , 2 , 4 , 4 
0,59, 3 , 2 , 2 , 4 
1,0, 3 , 3 , 2 , 5 
1,1, 3 , 5 , 4 , 8 
1,2, 4 , 3 , 4 , 7 
1,3, 5 , 3 , 5 , 5 
1,4, 5 , 2 , 2 , 7 
1,5, 3 , 3 , 3 , 5 
1,6, 4 , 2 , 2 , 5 
1,7, 3 , 2 , 2 , 5 
1,8, 3 , 3 , 5 , 8 
1,9, 3 , 4 , 3 , 8 
1,10, 4 , 2 , 6 , 6 
1,11, 3 , 3 , 2 , 6 
1,12, 2 , 3 , 2 , 7 
1,13, 3 , 3 , 4 , 8 
1,14, 5 , 3 , 4 , 6 
1,15, 5 , 4 , 2 , 7 
1,16, 4 , 2 , 5 , 4 
1,17, 3 , 3 , 4 , 5 
1,18, 3 , 2 , 3 , 6 
1,19, 5 , 3 , 4 , 6 
1,20, 4 , 5 , 4 , 4 
1,21, 3 , 4 , 4 , 5 
1,22, 4 , 2 , 3 , 4 
1,23, 4 , 3 , 4 , 6 
1,24, 4 , 3 , 3 , 4 
1,25, 3 , 2 , 4 , 5 
1,26, 3 , 3 , 4 , 4 
1,27, 4 , 2 , 6 , 4 
1,28, 3 , 2 , 3 , 5 
1,29, 3 , 3 , 7 , 3 
1,30, 3 , 3 , 6 , 5 
1,31, 3 , 3 , 6 , 3 
1,32, 4 , 1 , 4 , 3 
1,33, 3 , 2 , 4 , 3 
1,34, 4 , 3 , 6 , 4 
1,35, 3 , 3 , 3 , 4 
1,36, 3 , 3 , 4 , 6 
1,37, 3 , 3 , 3 , 4 
1,38, 3 , 3 , 4 , 4 
1,39, 2 , 2 , 5 , 5 
1,40, 3 , 3 , 3 , 4 
1,41, 3 , 2 , 4 , 3 
1,42, 4 , 2 , 4 , 4 
1,43, 3 , 2 , 5 , 4 
1,44, 6 , 2 , 3 , 5 
1,45, 5 , 2 , 4 , 4 
1,46, 4 , 3 , 5 , 4 
1,47, 3 , 2 , 3 , 3 
1,48, 3 , 2 , 5 , 4 
1,49, 3 , 2 , 5 , 4 
1,50, 3 , 2 , 3 , 5 
1,51, 3 , 2 , 4 , 5 
1,52, 3 , 3 , 4 , 5 
1,53, 3 , 3 , 4 , 6 
1,54, 3 , 2 , 4 , 4 
1,55, 3 , 2 , 4 , 4 
1,56, 4 , 2 , 3 , 4 
1,57, 3 , 3 , 4 , 3 
1,58, 3 , 2 , 6 , 3 
1,59, 4 , 2 , 6 , 4 
2,0, 4 , 3 , 5 , 5 
2,1, 4 , 4 , 5 , 3 
2,2, 4 , 5 , 4 , 4 
2,3, 4 , 3 , 3 , 6 
2,4, 3 , 2 , 6 , 4 
2,5, 5 , 2 , 5 , 2 
2,6, 4 , 2 , 7 , 3 
2,7, 2 , 4 , 5 , 3 
2,8, 4 , 2 , 6 , 5 
2,9, 4 , 3 , 8 , 3 
2,10, 4 , 3 , 6 , 4 
2,11, 3 , 2 , 7 , 3 
2,12, 3 , 4 , 9 , 3 
2,13, 6 , 5 , 8 , 3 
2,14, 6 , 4 , 6 , 4 
2,15, 5 , 4 , 4 , 4 
2,16, 6 , 4 , 4 , 3 
2,17, 6 , 3 , 6 , 5 
2,18, 4 , 3 , 4 , 5 
2,19, 4 , 3 , 5 , 4 
2,20, 5 , 4 , 7 , 5 
2,21, 5 , 3 , 6 , 6 
2,22, 4 , 3 , 6 , 3 
2,23, 4 , 4 , 7 , 4 
2,24, 3 , 6 , 8 , 4 
2,25, 3 , 3 , 7 , 4 
2,26, 5 , 5 , 5 , 3 
2,27, 5 , 3 , 6 , 3 
2,28, 4 , 3 , 6 , 3 
2,29, 3 , 4 , 9 , 3 
2,30, 4 , 2 , 8 , 4 
2,31, 4 , 4 , 6 , 4 
2,32, 3 , 2 , 8 , 4 
2,33, 4 , 2 , 9 , 4 
2,34, 3 , 4 , 9 , 3 
2,35, 4 , 4 , 8 , 4 
2,36, 4 , 5 , 9 , 4 
2,37, 4 , 3 , 6 , 4 
2,38, 4 , 5 , 9 , 4 
2,39, 5 , 5 , 10 , 4 
2,40, 4 , 4 , 10 , 5 
2,41, 3 , 3 , 10 , 4 
2,42, 3 , 4 , 10 , 3 
2,43, 4 , 5 , 7 , 5 
2,44, 4 , 5 , 7 , 4 
2,45, 4 , 4 , 7 , 4 
2,46, 4 , 3 , 10 , 3 
2,47, 4 , 4 , 7 , 3 
2,48, 5 , 4 , 9 , 4 
2,49, 4 , 5 , 7 , 4 
2,50, 4 , 4 , 10 , 4 
2,51, 5 , 5 , 8 , 4 
2,52, 5 , 6 , 9 , 3 
2,53, 5 , 4 , 7 , 3 
2,54, 5 , 5 , 6 , 4 
2,55, 6 , 4 , 6 , 5 
2,56, 6 , 4 , 8 , 6 
2,57, 6 , 5 , 9 , 4 
2,58, 5 , 5 , 8 , 4 
2,59, 5 , 5 , 9 , 5 
3,0, 5 , 5 , 9 , 6 
3,1, 5 , 5 , 11 , 4 
3,2, 6 , 6 , 7 , 5 
3,3, 6 , 6 , 8 , 5 
3,4, 5 , 3 , 9 , 6 
3,5, 6 , 4 , 10 , 6 
3,6, 5 , 5 , 12 , 6 
3,7, 6 , 5 , 9 , 5 
3,8, 7 , 4 , 10 , 5 
3,9, 6 , 5 , 12 , 4 
3,10, 6 , 5 , 12 , 5 
3,11, 7 , 7 , 12 , 6 
3,12, 6 , 7 , 12 , 6 
3,13, 7 , 6 , 12 , 5 
3,14, 7 , 5 , 12 , 5 
3,15, 6 , 6 , 10 , 5 
3,16, 6 , 5 , 9 , 4 
3,17, 6 , 6 , 13 , 5 
3,18, 5 , 5 , 11 , 5 
3,19, 6 , 4 , 14 , 5 
3,20, 6 , 7 , 11 , 4 
3,21, 7 , 5 , 12 , 5 
3,22, 8 , 5 , 16 , 6 
3,23, 8 , 6 , 13 , 6 
3,24, 8 , 6 , 14 , 4 
3,25, 7 , 5 , 14 , 5 
3,26, 8 , 5 , 13 , 5 
3,27, 7 , 5 , 10 , 7 
3,28, 8 , 8 , 14 , 6 
3,29, 11 , 5 , 12 , 6 
3,30, 9 , 6 , 13 , 5 
3,31, 6 , 5 , 15 , 3 
3,32, 9 , 6 , 11 , 3 
3,33, 7 , 7 , 17 , 7 
3,34, 8 , 4 , 13 , 5 
3,35, 7 , 4 , 14 , 3 
3,36, 9 , 6 , 14 , 5 
3,37, 8 , 7 , 14 , 4 
3,38, 7 , 5 , 13 , 4 
3,39, 10 , 7 , 12 , 4 
3,40, 10 , 7 , 13 , 3 
3,41, 10 , 5 , 15 , 2 
3,42, 12 , 6 , 14 , 3 
3,43, 13 , 5 , 17 , 4 
3,44, 12 , 6 , 13 , 3 
3,45, 10 , 5 , 14 , 5 
3,46, 9 , 6 , 16 , 4 
3,47, 7 , 6 , 16 , 4 
3,48, 7 , 6 , 15 , 4 
3,49, 10 , 6 , 14 , 4 
3,50, 7 , 5 , 15 , 5 
3,51, 9 , 6 , 14 , 5 
3,52, 10 , 5 , 14 , 5 
3,53, 10 , 4 , 15 , 5 
3,54, 10 , 5 , 15 , 5 
3,55, 11 , 8 , 15 , 5 
3,56, 11 , 6 , 16 , 5 
3,57, 12 , 8 , 16 , 4 
3,58, 13 , 8 , 14 , 4 
3,59, 10 , 6 , 16 , 4 
4,0, 11 , 6 , 15 , 4 
4,1, 12 , 7 , 12 , 5 
4,2, 13 , 4 , 15 , 4 
4,3, 13 , 7 , 15 , 5 
4,4, 10 , 6 , 18 , 3 
4,5, 12 , 7 , 11 , 4 
4,6, 10 , 6 , 14 , 4 
4,7, 12 , 5 , 15 , 3 
4,8, 13 , 7 , 13 , 4 
4,9, 12 , 8 , 14 , 5 
4,10, 10 , 8 , 12 , 4 
4,11, 10 , 7 , 16 , 5 
4,12, 10 , 6 , 13 , 5 
4,13, 12 , 6 , 15 , 6 
4,14, 15 , 5 , 16 , 4 
4,15, 14 , 7 , 14 , 4 
4,16, 15 , 5 , 14 , 3 
4,17, 14 , 6 , 18 , 4 
4,18, 12 , 5 , 16 , 4 
4,19, 13 , 6 , 16 , 4 
4,20, 12 , 6 , 13 , 5 
4,21, 11 , 6 , 15 , 4 
4,22, 13 , 6 , 14 , 4 
4,23, 12 , 5 , 14 , 4 
4,24, 16 , 6 , 12 , 5 
4,25, 12 , 6 , 12 , 4 
4,26, 14 , 6 , 13 , 4 
4,27, 13 , 6 , 13 , 4 
4,28, 12 , 7 , 18 , 3 
4,29, 15 , 7 , 19 , 4 
4,30, 13 , 4 , 15 , 4 
4,31, 16 , 6 , 17 , 4 
4,32, 17 , 7 , 16 , 6 
4,33, 14 , 4 , 13 , 5 
4,34, 18 , 6 , 16 , 5 
4,35, 17 , 6 , 19 , 4 
4,36, 16 , 5 , 14 , 5 
4,37, 16 , 5 , 14 , 3 
4,38, 15 , 6 , 14 , 4 
4,39, 16 , 7 , 14 , 4 
4,40, 15 , 7 , 14 , 3 
4,41, 14 , 7 , 13 , 4 
4,42, 15 , 6 , 11 , 3 
4,43, 20 , 7 , 11 , 3 
4,44, 17 , 7 , 14 , 4 
4,45, 18 , 5 , 14 , 6 
4,46, 16 , 7 , 15 , 4 
4,47, 17 , 6 , 17 , 5 
4,48, 15 , 7 , 17 , 5 
4,49, 19 , 7 , 17 , 4 
4,50, 20 , 6 , 16 , 5 
4,51, 17 , 7 , 14 , 5 
4,52, 16 , 6 , 12 , 6 
4,53, 19 , 5 , 18 , 4 
4,54, 19 , 6 , 15 , 3 
4,55, 20 , 6 , 16 , 4 
4,56, 20 , 8 , 18 , 6 
4,57, 19 , 6 , 16 , 4 
4,58, 19 , 7 , 14 , 4 
4,59, 19 , 6 , 12 , 5 
5,0, 21 , 6 , 14 , 5 
5,1, 22 , 6 , 15 , 4 
5,2, 21 , 8 , 14 , 4 
5,3, 21 , 8 , 14 , 4 
5,4, 22 , 6 , 17 , 4 
5,5, 19 , 7 , 14 , 4 
5,6, 21 , 6 , 15 , 4 
5,7, 20 , 6 , 14 , 6 
5,8, 21 , 7 , 12 , 3 
5,9, 18 , 6 , 13 , 4 
5,10, 21 , 8 , 15 , 5 
5,11, 22 , 10 , 15 , 5 
5,12, 20 , 7 , 15 , 3 
5,13, 21 , 9 , 16 , 4 
5,14, 22 , 7 , 11 , 4 
5,15, 24 , 7 , 13 , 5 
5,16, 30 , 5 , 13 , 5 
5,17, 24 , 8 , 12 , 4 
5,18, 27 , 6 , 14 , 4 
5,19, 30 , 6 , 12 , 4 
5,20, 28 , 8 , 14 , 3 
5,21, 28 , 7 , 12 , 3 
5,22, 27 , 7 , 14 , 4 
5,23, 22 , 6 , 15 , 4 
5,24, 28 , 8 , 16 , 3 
5,25, 26 , 8 , 12 , 4 
5,26, 28 , 9 , 9 , 4 
5,27, 27 , 10 , 11 , 5 
5,28, 28 , 10 , 12 , 6 
5,29, 30 , 9 , 13 , 4 
5,30, 31 , 6 , 14 , 4 
5,31, 26 , 7 , 15 , 5 
5,32, 25 , 7 , 17 , 4 
5,33, 28 , 7 , 13 , 3 
5,34, 28 , 11 , 13 , 4 
5,35, 27 , 9 , 15 , 5 
5,36, 26 , 9 , 15 , 4 
5,37, 25 , 9 , 14 , 5 
5,38, 26 , 6 , 13 , 4 
5,39, 25 , 10 , 16 , 4 
5,40, 29 , 7 , 16 , 5 
5,41, 25 , 9 , 16 , 7 
5,42, 29 , 8 , 16 , 4 
5,43, 25 , 8 , 12 , 4 
5,44, 27 , 8 , 13 , 5 
5,45, 26 , 7 , 10 , 5 
5,46, 25 , 7 , 11 , 5 
5,47, 28 , 10 , 16 , 6 
5,48, 26 , 8 , 11 , 5 
5,49, 25 , 6 , 14 , 5 
5,50, 26 , 6 , 14 , 4 
5,51, 33 , 6 , 15 , 4 
5,52, 34 , 8 , 13 , 6 
5,53, 29 , 8 , 13 , 5 
5,54, 28 , 5 , 13 , 6 
5,55, 30 , 5 , 11 , 6 
5,56, 27 , 5 , 10 , 5 
5,57, 31 , 7 , 12 , 5 
5,58, 28 , 8 , 14 , 4 
5,59, 27 , 6 , 12 , 5 
6,0, 29 , 7 , 10 , 3 
6,1, 27 , 7 , 10 , 4 
6,2, 28 , 7 , 10 , 4 
6,3, 23 , 6 , 14 , 4 
6,4, 27 , 6 , 12 , 5 
6,5, 27 , 5 , 12 , 4 
6,6, 28 , 6 , 11 , 5 
6,7, 26 , 6 , 13 , 5 
6,8, 27 , 7 , 16 , 5 
6,9, 23 , 8 , 13 , 3 
6,10, 24 , 6 , 12 , 3 
6,11, 28 , 8 , 12 , 4 
6,12, 29 , 9 , 13 , 4 
6,13, 32 , 6 , 11 , 5 
6,14, 30 , 6 , 9 , 5 
6,15, 30 , 8 , 9 , 4 
6,16, 29 , 7 , 11 , 5 
6,17, 31 , 7 , 11 , 5 
6,18, 30 , 7 , 14 , 6 
6,19, 35 , 7 , 12 , 3 
6,20, 32 , 7 , 10 , 5 
6,21, 28 , 5 , 9 , 5 
6,22, 32 , 5 , 11 , 5 
6,23, 34 , 8 , 10 , 5 
6,24, 34 , 7 , 15 , 6 
6,25, 31 , 8 , 13 , 6 
6,26, 34 , 8 , 10 , 4 
6,27, 34 , 9 , 11 , 4 
6,28, 33 , 7 , 8 , 3 
6,29, 31 , 5 , 13 , 3 
6,30, 29 , 6 , 11 , 4 
6,31, 27 , 7 , 13 , 3 
6,32, 29 , 7 , 15 , 4 
6,33, 33 , 9 , 15 , 4 
6,34, 29 , 7 , 11 , 4 
6,35, 30 , 10 , 10 , 5 
6,36, 26 , 9 , 13 , 5 
6,37, 29 , 9 , 11 , 5 
6,38, 27 , 7 , 13 , 5 
6,39, 30 , 7 , 12 , 5 
6,40, 30 , 9 , 12 , 4 
6,41, 29 , 7 , 14 , 3 
6,42, 32 , 7 , 13 , 4 
6,43, 30 , 9 , 10 , 6 
6,44, 27 , 9 , 11 , 4 
6,45, 28 , 6 , 12 , 4 
6,46, 29 , 8 , 13 , 4 
6,47, 31 , 8 , 9 , 5 
6,48, 35 , 9 , 9 , 3 
6,49, 30 , 8 , 10 , 3 
6,50, 32 , 5 , 13 , 4 
6,51, 35 , 6 , 12 , 3 
6,52, 34 , 6 , 14 , 4 
6,53, 33 , 5 , 13 , 4 
6,54, 32 , 8 , 10 , 3 
6,55, 33 , 7 , 6 , 4 
6,56, 34 , 7 , 9 , 4 
6,57, 35 , 6 , 9 , 4 
6,58, 30 , 6 , 10 , 4 
6,59, 29 , 5 , 13 , 5 
7,0, 30 , 5 , 10 , 4 
7,1, 34 , 7 , 14 , 5 
7,2, 34 , 5 , 11 , 6 
7,3, 31 , 6 , 10 , 4 
7,4, 28 , 6 , 8 , 3 
7,5, 32 , 5 , 8 , 4 
7,6, 27 , 6 , 7 , 3 
7,7, 28 , 5 , 8 , 5 
7,8, 31 , 6 , 8 , 3 
7,9, 28 , 4 , 8 , 4 
7,10, 35 , 7 , 10 , 3 
7,11, 29 , 7 , 11 , 6 
7,12, 28 , 7 , 11 , 5 
7,13, 34 , 6 , 7 , 6 
7,14, 34 , 5 , 10 , 5 
7,15, 27 , 7 , 11 , 5 
7,16, 29 , 7 , 8 , 6 
7,17, 26 , 5 , 9 , 5 
7,18, 29 , 6 , 12 , 4 
7,19, 30 , 7 , 10 , 3 
7,20, 30 , 7 , 10 , 2 
7,21, 30 , 6 , 9 , 4 
7,22, 31 , 8 , 11 , 3 
7,23, 36 , 7 , 10 , 4 
7,24, 32 , 7 , 9 , 3 
7,25, 30 , 5 , 8 , 4 
7,26, 33 , 7 , 10 , 4 
7,27, 34 , 7 , 9 , 5 
7,28, 29 , 3 , 10 , 5 
7,29, 32 , 7 , 9 , 5 
7,30, 31 , 6 , 10 , 4 
7,31, 34 , 6 , 12 , 3 
7,32, 32 , 7 , 11 , 3 
7,33, 32 , 7 , 9 , 3 
7,34, 33 , 6 , 11 , 3 
7,35, 31 , 7 , 10 , 4 
7,36, 37 , 6 , 8 , 5 
7,37, 30 , 5 , 8 , 5 
7,38, 31 , 6 , 10 , 6 
7,39, 32 , 6 , 10 , 5 
7,40, 37 , 5 , 8 , 4 
7,41, 32 , 6 , 10 , 4 
7,42, 29 , 6 , 8 , 4 
7,43, 34 , 6 , 9 , 5 
7,44, 29 , 7 , 5 , 6 
7,45, 32 , 7 , 9 , 5 
7,46, 34 , 7 , 10 , 4 
7,47, 31 , 10 , 9 , 4 
7,48, 28 , 5 , 10 , 5 
7,49, 35 , 5 , 13 , 4 
7,50, 28 , 5 , 12 , 5 
7,51, 34 , 6 , 8 , 6 
7,52, 34 , 6 , 7 , 4 
7,53, 35 , 5 , 7 , 5 
7,54, 33 , 8 , 7 , 5 
7,55, 32 , 7 , 10 , 6 
7,56, 30 , 6 , 8 , 6 
7,57, 37 , 6 , 9 , 4 
7,58, 32 , 5 , 11 , 5 
7,59, 36 , 5 , 8 , 5 
8,0, 30 , 6 , 8 , 4 
8,1, 32 , 6 , 10 , 4 
8,2, 30 , 6 , 8 , 4 
8,3, 28 , 6 , 9 , 5 
8,4, 31 , 7 , 10 , 5 
8,5, 35 , 7 , 14 , 5 
8,6, 37 , 6 , 10 , 5 
8,7, 35 , 7 , 8 , 5 
8,8, 35 , 5 , 9 , 5 
8,9, 34 , 6 , 10 , 5 
8,10, 33 , 6 , 8 , 4 
8,11, 30 , 8 , 6 , 5 
8,12, 32 , 6 , 6 , 5 
8,13, 33 , 8 , 7 , 4 
8,14, 35 , 7 , 9 , 4 
8,15, 30 , 6 , 11 , 4 
8,16, 30 , 4 , 7 , 6 
8,17, 36 , 7 , 10 , 4 
8,18, 36 , 6 , 10 , 5 
8,19, 35 , 6 , 7 , 3 
8,20, 39 , 6 , 7 , 5 
8,21, 39 , 6 , 8 , 5 
8,22, 32 , 6 , 7 , 3 
8,23, 32 , 5 , 8 , 4 
8,24, 30 , 9 , 9 , 4 
8,25, 33 , 6 , 9 , 5 
8,26, 31 , 6 , 7 , 3 
8,27, 36 , 5 , 8 , 3 
8,28, 33 , 6 , 8 , 5 
8,29, 35 , 6 , 8 , 4 
8,30, 35 , 5 , 9 , 4 
8,31, 33 , 5 , 10 , 3 
8,32, 32 , 5 , 12 , 5 
8,33, 32 , 6 , 10 , 4 
8,34, 30 , 5 , 9 , 4 
8,35, 32 , 6 , 7 , 5 
8,36, 33 , 6 , 9 , 7 
8,37, 29 , 6 , 8 , 5 
8,38, 32 , 5 , 6 , 6 
8,39, 31 , 9 , 11 , 6 
8,40, 29 , 5 , 7 , 6 
8,41, 31 , 4 , 8 , 4 
8,42, 30 , 6 , 8 , 5 
8,43, 25 , 7 , 8 , 5 
8,44, 26 , 7 , 9 , 3 
8,45, 29 , 6 , 11 , 5 
8,46, 35 , 7 , 8 , 4 
8,47, 27 , 5 , 11 , 4 
8,48, 32 , 7 , 10 , 5 
8,49, 30 , 6 , 8 , 4 
8,50, 34 , 6 , 7 , 4 
8,51, 31 , 8 , 9 , 4 
8,52, 30 , 8 , 7 , 4 
8,53, 28 , 7 , 8 , 5 
8,54, 32 , 7 , 9 , 5 
8,55, 33 , 6 , 8 , 5 
8,56, 32 , 7 , 5 , 4 
8,57, 32 , 7 , 4 , 6 
8,58, 29 , 6 , 7 , 6 
8,59, 34 , 9 , 9 , 6 
9,0, 31 , 8 , 6 , 4 
9,1, 29 , 8 , 8 , 5 
9,2, 32 , 6 , 9 , 5 
9,3, 34 , 6 , 8 , 5 
9,4, 32 , 5 , 8 , 4 
9,5, 33 , 6 , 8 , 4 
9,6, 34 , 4 , 7 , 5 
9,7, 33 , 5 , 7 , 3 
9,8, 32 , 8 , 6 , 6 
9,9, 34 , 6 , 8 , 5 
9,10, 33 , 6 , 7 , 4 
9,11, 31 , 4 , 12 , 5 
9,12, 32 , 6 , 9 , 4 
9,13, 34 , 6 , 13 , 3 
9,14, 30 , 7 , 10 , 4 
9,15, 34 , 5 , 7 , 4 
9,16, 30 , 4 , 8 , 5 
9,17, 31 , 6 , 9 , 4 
9,18, 29 , 5 , 10 , 4 
9,19, 28 , 6 , 7 , 3 
9,20, 26 , 6 , 7 , 4 
9,21, 31 , 6 , 8 , 4 
9,22, 29 , 7 , 6 , 5 
9,23, 33 , 8 , 6 , 3 
9,24, 34 , 9 , 6 , 5 
9,25, 31 , 7 , 9 , 4 
9,26, 31 , 6 , 10 , 4 
9,27, 29 , 7 , 9 , 5 
9,28, 29 , 5 , 10 , 5 
9,29, 35 , 5 , 6 , 5 
9,30, 36 , 5 , 10 , 4 
9,31, 31 , 7 , 8 , 4 
9,32, 32 , 5 , 8 , 5 
9,33, 28 , 5 , 6 , 5 
9,34, 31 , 6 , 6 , 5 
9,35, 34 , 6 , 5 , 5 
9,36, 30 , 6 , 6 , 5 
9,37, 29 , 7 , 7 , 5 
9,38, 30 , 6 , 7 , 5 
9,39, 28 , 6 , 6 , 5 
9,40, 27 , 5 , 7 , 5 
9,41, 26 , 4 , 7 , 5 
9,42, 27 , 5 , 6 , 5 
9,43, 31 , 4 , 7 , 5 
9,44, 29 , 6 , 8 , 5 
9,45, 32 , 5 , 9 , 3 
9,46, 31 , 7 , 6 , 3 
9,47, 31 , 5 , 10 , 4 
9,48, 32 , 5 , 8 , 4 
9,49, 31 , 8 , 8 , 4 
9,50, 30 , 7 , 9 , 5 
9,51, 27 , 7 , 9 , 5 
9,52, 30 , 6 , 6 , 6 
9,53, 32 , 7 , 8 , 5 
9,54, 31 , 6 , 9 , 5 
9,55, 28 , 6 , 9 , 5 
9,56, 31 , 5 , 6 , 7 
9,57, 25 , 6 , 7 , 4 
9,58, 27 , 5 , 7 , 5 
9,59, 28 , 5 , 9 , 6 
10,0, 25 , 6 , 6 , 5 
10,1, 31 , 7 , 4 , 5 
10,2, 30 , 7 , 6 , 4 
10,3, 26 , 5 , 9 , 4 
10,4, 30 , 6 , 6 , 7 
10,5, 30 , 5 , 6 , 5 
10,6, 29 , 6 , 6 , 5 
10,7, 31 , 6 , 6 , 4 
10,8, 31 , 6 , 7 , 5 
10,9, 28 , 5 , 6 , 5 
10,10, 30 , 6 , 6 , 4 
10,11, 30 , 8 , 8 , 4 
10,12, 31 , 7 , 7 , 5 
10,13, 30 , 7 , 9 , 4 
10,14, 30 , 6 , 8 , 5 
10,15, 30 , 7 , 5 , 4 
10,16, 31 , 6 , 7 , 5 
10,17, 31 , 8 , 6 , 4 
10,18, 35 , 7 , 7 , 4 
10,19, 29 , 5 , 7 , 7 
10,20, 23 , 6 , 7 , 5 
10,21, 30 , 6 , 8 , 5 
10,22, 29 , 6 , 6 , 5 
10,23, 29 , 7 , 5 , 5 
10,24, 26 , 5 , 7 , 5 
10,25, 31 , 6 , 8 , 4 
10,26, 32 , 7 , 8 , 4 
10,27, 33 , 7 , 8 , 6 
10,28, 32 , 6 , 8 , 5 
10,29, 28 , 8 , 7 , 4 
10,30, 27 , 5 , 7 , 4 
10,31, 30 , 6 , 6 , 6 
10,32, 31 , 7 , 7 , 5 
10,33, 31 , 6 , 6 , 8 
10,34, 29 , 8 , 7 , 8 
10,35, 30 , 4 , 5 , 6 
10,36, 30 , 5 , 9 , 5 
10,37, 31 , 6 , 8 , 6 
10,38, 28 , 5 , 7 , 6 
10,39, 32 , 4 , 8 , 4 
10,40, 34 , 3 , 6 , 6 
10,41, 29 , 5 , 6 , 5 
10,42, 30 , 7 , 6 , 5 
10,43, 30 , 5 , 5 , 5 
10,44, 30 , 5 , 6 , 5 
10,45, 31 , 6 , 6 , 6 
10,46, 27 , 5 , 8 , 6 
10,47, 32 , 5 , 8 , 6 
10,48, 31 , 4 , 9 , 5 
10,49, 30 , 4 , 8 , 5 
10,50, 32 , 3 , 8 , 5 
10,51, 35 , 5 , 8 , 6 
10,52, 36 , 7 , 7 , 6 
10,53, 31 , 5 , 8 , 6 
10,54, 29 , 5 , 9 , 6 
10,55, 32 , 4 , 7 , 5 
10,56, 33 , 5 , 7 , 5 
10,57, 28 , 4 , 7 , 6 
10,58, 30 , 4 , 5 , 7 
10,59, 27 , 7 , 6 , 7 
11,0, 28 , 5 , 7 , 7 
11,1, 28 , 5 , 8 , 5 
11,2, 29 , 6 , 7 , 5 
11,3, 26 , 6 , 13 , 5 
11,4, 29 , 7 , 8 , 5 
11,5, 32 , 6 , 8 , 5 
11,6, 29 , 6 , 9 , 5 
11,7, 30 , 8 , 7 , 5 
11,8, 29 , 5 , 6 , 6 
11,9, 32 , 4 , 8 , 5 
11,10, 27 , 4 , 7 , 6 
11,11, 27 , 5 , 6 , 6 
11,12, 30 , 6 , 9 , 7 
11,13, 27 , 6 , 7 , 5 
11,14, 29 , 3 , 6 , 6 
11,15, 29 , 6 , 6 , 5 
11,16, 27 , 5 , 8 , 5 
11,17, 30 , 6 , 7 , 5 
11,18, 26 , 8 , 8 , 5 
11,19, 26 , 7 , 9 , 6 
11,20, 29 , 5 , 8 , 5 
11,21, 30 , 4 , 8 , 5 
11,22, 28 , 5 , 8 , 7 
11,23, 28 , 6 , 6 , 6 
11,24, 28 , 5 , 10 , 5 
11,25, 32 , 6 , 10 , 5 
11,26, 30 , 6 , 10 , 7 
11,27, 27 , 6 , 11 , 8 
11,28, 29 , 7 , 7 , 6 
11,29, 32 , 6 , 7 , 5 
11,30, 31 , 6 , 6 , 6 
11,31, 25 , 7 , 9 , 6 
11,32, 26 , 7 , 7 , 5 
11,33, 29 , 5 , 8 , 5 
11,34, 32 , 6 , 8 , 4 
11,35, 26 , 6 , 10 , 4 
11,36, 29 , 5 , 8 , 6 
11,37, 36 , 6 , 8 , 5 
11,38, 35 , 5 , 6 , 6 
11,39, 35 , 5 , 7 , 6 
11,40, 34 , 6 , 7 , 6 
11,41, 35 , 5 , 9 , 6 
11,42, 30 , 5 , 7 , 5 
11,43, 29 , 5 , 6 , 5 
11,44, 31 , 6 , 7 , 4 
11,45, 33 , 5 , 8 , 7 
11,46, 28 , 7 , 6 , 7 
11,47, 28 , 6 , 8 , 13 
11,48, 25 , 5 , 6 , 5 
11,49, 29 , 6 , 9 , 6 
11,50, 27 , 6 , 13 , 5 
11,51, 30 , 5 , 7 , 6 
11,52, 31 , 6 , 8 , 6 
11,53, 28 , 6 , 9 , 9 
11,54, 30 , 5 , 8 , 6 
11,55, 27 , 5 , 12 , 4 
11,56, 29 , 5 , 9 , 6 
11,57, 31 , 6 , 8 , 6 
11,58, 28 , 5 , 6 , 6 
11,59, 29 , 5 , 7 , 6 
12,0, 28 , 7 , 7 , 4 
12,1, 30 , 4 , 9 , 4 
12,2, 28 , 6 , 7 , 7 
12,3, 31 , 6 , 9 , 8 
12,4, 25 , 7 , 7 , 4 
12,5, 28 , 4 , 10 , 5 
12,6, 28 , 6 , 6 , 5 
12,7, 27 , 6 , 5 , 4 
12,8, 29 , 4 , 6 , 4 
12,9, 25 , 5 , 6 , 3 
12,10, 27 , 4 , 10 , 5 
12,11, 26 , 4 , 8 , 6 
12,12, 28 , 5 , 7 , 5 
12,13, 28 , 6 , 7 , 6 
12,14, 28 , 5 , 6 , 6 
12,15, 30 , 3 , 8 , 7 
12,16, 27 , 4 , 7 , 5 
12,17, 26 , 5 , 9 , 5 
12,18, 29 , 4 , 7 , 5 
12,19, 27 , 5 , 7 , 5 
12,20, 21 , 6 , 10 , 4 
12,21, 24 , 6 , 12 , 5 
12,22, 24 , 6 , 7 , 5 
12,23, 25 , 6 , 8 , 6 
12,24, 25 , 5 , 7 , 7 
12,25, 24 , 5 , 6 , 7 
12,26, 27 , 5 , 5 , 7 
12,27, 29 , 5 , 5 , 4 
12,28, 26 , 6 , 8 , 5 
12,29, 24 , 6 , 7 , 8 
12,30, 32 , 6 , 5 , 6 
12,31, 27 , 7 , 7 , 6 
12,32, 26 , 6 , 6 , 6 
12,33, 27 , 5 , 7 , 6 
12,34, 26 , 5 , 6 , 8 
12,35, 27 , 8 , 8 , 6 
12,36, 27 , 4 , 9 , 6 
12,37, 28 , 6 , 8 , 6 
12,38, 26 , 7 , 7 , 5 
12,39, 28 , 8 , 6 , 4 
12,40, 27 , 7 , 7 , 7 
12,41, 27 , 7 , 7 , 6 
12,42, 28 , 6 , 7 , 4 
12,43, 24 , 5 , 6 , 3 
12,44, 27 , 5 , 7 , 4 
12,45, 28 , 6 , 6 , 5 
12,46, 30 , 6 , 7 , 5 
12,47, 34 , 7 , 8 , 6 
12,48, 24 , 6 , 7 , 6 
12,49, 26 , 7 , 7 , 6 
12,50, 25 , 9 , 9 , 8 
12,51, 28 , 7 , 10 , 7 
12,52, 28 , 5 , 8 , 7 
12,53, 25 , 5 , 6 , 6 
12,54, 31 , 5 , 10 , 6 
12,55, 27 , 5 , 8 , 6 
12,56, 28 , 6 , 9 , 5 
12,57, 24 , 4 , 8 , 7 
12,58, 29 , 7 , 14 , 6 
12,59, 29 , 5 , 8 , 6 
13,0, 25 , 6 , 10 , 5 
13,1, 28 , 5 , 11 , 7 
13,2, 26 , 6 , 10 , 7 
13,3, 24 , 5 , 8 , 7 
13,4, 25 , 6 , 8 , 6 
13,5, 21 , 6 , 8 , 7 
13,6, 25 , 5 , 7 , 6 
13,7, 26 , 5 , 6 , 7 
13,8, 23 , 5 , 5 , 9 
13,9, 25 , 4 , 6 , 6 
13,10, 24 , 5 , 7 , 7 
13,11, 27 , 4 , 8 , 7 
13,12, 25 , 5 , 9 , 6 
13,13, 24 , 5 , 7 , 4 
13,14, 27 , 4 , 8 , 6 
13,15, 22 , 6 , 10 , 6 
13,16, 26 , 4 , 8 , 6 
13,17, 19 , 4 , 8 , 5 
13,18, 26 , 7 , 5 , 6 
13,19, 23 , 6 , 8 , 6 
13,20, 21 , 6 , 5 , 8 
13,21, 22 , 5 , 5 , 7 
13,22, 25 , 5 , 7 , 6 
13,23, 23 , 5 , 5 , 6 
13,24, 22 , 6 , 5 , 5 
13,25, 23 , 5 , 6 , 7 
13,26, 24 , 5 , 6 , 5 
13,27, 26 , 5 , 9 , 5 
13,28, 21 , 4 , 8 , 6 
13,29, 24 , 3 , 9 , 7 
13,30, 21 , 6 , 7 , 7 
13,31, 24 , 5 , 7 , 6 
13,32, 21 , 5 , 7 , 6 
13,33, 25 , 4 , 8 , 5 
13,34, 28 , 6 , 5 , 6 
13,35, 25 , 5 , 4 , 6 
13,36, 22 , 5 , 9 , 4 
13,37, 23 , 9 , 7 , 6 
13,38, 23 , 6 , 9 , 5 
13,39, 22 , 6 , 9 , 4 
13,40, 23 , 5 , 8 , 5 
13,41, 23 , 6 , 9 , 6 
13,42, 21 , 6 , 8 , 6 
13,43, 22 , 9 , 7 , 6 
13,44, 26 , 7 , 9 , 5 
13,45, 25 , 7 , 7 , 5 
13,46, 23 , 5 , 10 , 6 
13,47, 22 , 5 , 7 , 7 
13,48, 25 , 5 , 8 , 6 
13,49, 23 , 5 , 8 , 6 
13,50, 22 , 5 , 9 , 6 
13,51, 22 , 5 , 8 , 6 
13,52, 24 , 7 , 10 , 6 
13,53, 22 , 5 , 11 , 6 
13,54, 20 , 7 , 9 , 5 
13,55, 24 , 5 , 9 , 6 
13,56, 21 , 5 , 11 , 8 
13,57, 21 , 5 , 8 , 7 
13,58, 20 , 7 , 8 , 9 
13,59, 24 , 6 , 9 , 6 
14,0, 24 , 8 , 8 , 6 
14,1, 22 , 7 , 9 , 6 
14,2, 22 , 7 , 7 , 6 
14,3, 23 , 6 , 10 , 6 
14,4, 24 , 7 , 8 , 8 
14,5, 28 , 5 , 10 , 6 
14,6, 19 , 6 , 10 , 6 
14,7, 27 , 6 , 11 , 5 
14,8, 21 , 5 , 8 , 5 
14,9, 20 , 4 , 9 , 8 
14,10, 23 , 5 , 9 , 7 
14,11, 21 , 6 , 8 , 8 
14,12, 22 , 8 , 9 , 6 
14,13, 19 , 6 , 6 , 5 
14,14, 21 , 5 , 9 , 5 
14,15, 21 , 5 , 9 , 4 
14,16, 19 , 5 , 10 , 5 
14,17, 21 , 7 , 9 , 5 
14,18, 20 , 5 , 11 , 6 
14,19, 20 , 5 , 7 , 6 
14,20, 20 , 4 , 8 , 5 
14,21, 18 , 4 , 7 , 5 
14,22, 19 , 5 , 9 , 5 
14,23, 19 , 7 , 7 , 6 
14,24, 18 , 7 , 7 , 6 
14,25, 20 , 8 , 7 , 6 
14,26, 18 , 7 , 11 , 5 
14,27, 20 , 8 , 9 , 4 
14,28, 21 , 7 , 9 , 5 
14,29, 22 , 7 , 8 , 5 
14,30, 22 , 6 , 8 , 6 
14,31, 19 , 6 , 9 , 6 
14,32, 20 , 7 , 10 , 4 
14,33, 20 , 7 , 9 , 5 
14,34, 20 , 6 , 11 , 6 
14,35, 19 , 7 , 11 , 6 
14,36, 17 , 7 , 10 , 5 
14,37, 21 , 6 , 11 , 4 
14,38, 20 , 6 , 11 , 6 
14,39, 18 , 7 , 9 , 6 
14,40, 17 , 7 , 10 , 4 
14,41, 18 , 7 , 8 , 4 
14,42, 18 , 8 , 9 , 5 
14,43, 19 , 5 , 11 , 5 
14,44, 17 , 5 , 10 , 6 
14,45, 17 , 5 , 8 , 6 
14,46, 19 , 6 , 7 , 5 
14,47, 18 , 6 , 10 , 5 
14,48, 17 , 5 , 10 , 7 
14,49, 22 , 5 , 10 , 5 
14,50, 19 , 4 , 10 , 5 
14,51, 21 , 7 , 8 , 5 
14,52, 22 , 6 , 10 , 7 
14,53, 24 , 6 , 10 , 6 
14,54, 20 , 6 , 12 , 4 
14,55, 20 , 6 , 15 , 6 
14,56, 20 , 6 , 12 , 7 
14,57, 19 , 5 , 9 , 6 
14,58, 19 , 7 , 12 , 4 
14,59, 21 , 6 , 10 , 7 
15,0, 20 , 6 , 11 , 6 
15,1, 20 , 7 , 7 , 8 
15,2, 18 , 7 , 9 , 6 
15,3, 21 , 4 , 10 , 7 
15,4, 21 , 6 , 11 , 5 
15,5, 20 , 4 , 10 , 5 
15,6, 19 , 5 , 10 , 4 
15,7, 17 , 6 , 10 , 5 
15,8, 17 , 7 , 12 , 5 
15,9, 18 , 7 , 8 , 6 
15,10, 16 , 6 , 11 , 5 
15,11, 16 , 6 , 9 , 7 
15,12, 19 , 7 , 7 , 5 
15,13, 20 , 6 , 8 , 6 
15,14, 20 , 5 , 10 , 4 
15,15, 19 , 7 , 11 , 6 
15,16, 19 , 5 , 11 , 7 
15,17, 16 , 6 , 10 , 5 
15,18, 18 , 6 , 9 , 5 
15,19, 17 , 5 , 6 , 5 
15,20, 19 , 5 , 8 , 5 
15,21, 20 , 8 , 9 , 6 
15,22, 18 , 6 , 7 , 7 
15,23, 16 , 5 , 8 , 6 
15,24, 17 , 6 , 8 , 7 
15,25, 15 , 6 , 8 , 7 
15,26, 16 , 7 , 11 , 6 
15,27, 16 , 7 , 9 , 5 
15,28, 15 , 8 , 7 , 5 
15,29, 16 , 6 , 9 , 4 
15,30, 17 , 7 , 13 , 4 
15,31, 18 , 5 , 12 , 5 
15,32, 19 , 7 , 12 , 5 
15,33, 18 , 6 , 12 , 5 
15,34, 20 , 6 , 15 , 4 
15,35, 17 , 7 , 12 , 4 
15,36, 18 , 6 , 9 , 5 
15,37, 19 , 5 , 8 , 4 
15,38, 18 , 7 , 12 , 4 
15,39, 19 , 10 , 13 , 4 
15,40, 17 , 7 , 15 , 5 
15,41, 17 , 7 , 12 , 4 
15,42, 17 , 6 , 9 , 4 
15,43, 16 , 7 , 8 , 4 
15,44, 18 , 9 , 11 , 4 
15,45, 18 , 9 , 12 , 5 
15,46, 19 , 5 , 12 , 6 
15,47, 21 , 7 , 9 , 7 
15,48, 19 , 6 , 9 , 6 
15,49, 18 , 6 , 12 , 8 
15,50, 17 , 6 , 12 , 7 
15,51, 17 , 5 , 10 , 7 
15,52, 17 , 5 , 10 , 7 
15,53, 17 , 6 , 10 , 7 
15,54, 17 , 7 , 9 , 6 
15,55, 15 , 7 , 11 , 8 
15,56, 16 , 7 , 11 , 7 
15,57, 20 , 7 , 8 , 6 
15,58, 15 , 8 , 9 , 7 
15,59, 16 , 6 , 9 , 5 
16,0, 19 , 7 , 11 , 6 
16,1, 20 , 7 , 7 , 6 
16,2, 20 , 7 , 10 , 4 
16,3, 19 , 7 , 7 , 4 
16,4, 18 , 7 , 7 , 6 
16,5, 15 , 5 , 9 , 4 
16,6, 16 , 4 , 12 , 3 
16,7, 15 , 6 , 7 , 4 
16,8, 15 , 6 , 11 , 3 
16,9, 14 , 5 , 10 , 3 
16,10, 14 , 5 , 12 , 4 
16,11, 15 , 6 , 9 , 5 
16,12, 16 , 6 , 13 , 3 
16,13, 18 , 8 , 10 , 4 
16,14, 16 , 9 , 8 , 3 
16,15, 16 , 9 , 7 , 4 
16,16, 15 , 7 , 9 , 4 
16,17, 15 , 8 , 10 , 4 
16,18, 14 , 9 , 9 , 5 
16,19, 18 , 8 , 9 , 4 
16,20, 16 , 7 , 10 , 5 
16,21, 14 , 7 , 11 , 5 
16,22, 18 , 7 , 9 , 5 
16,23, 18 , 8 , 9 , 4 
16,24, 16 , 6 , 9 , 5 
16,25, 20 , 9 , 11 , 3 
16,26, 16 , 7 , 8 , 5 
16,27, 17 , 5 , 10 , 5 
16,28, 17 , 6 , 9 , 4 
16,29, 17 , 6 , 11 , 4 
16,30, 14 , 9 , 9 , 5 
16,31, 15 , 8 , 11 , 3 
16,32, 16 , 6 , 12 , 4 
16,33, 17 , 7 , 9 , 3 
16,34, 15 , 6 , 9 , 3 
16,35, 15 , 6 , 9 , 3 
16,36, 17 , 6 , 10 , 4 
16,37, 17 , 8 , 9 , 3 
16,38, 16 , 9 , 8 , 4 
16,39, 14 , 6 , 11 , 4 
16,40, 11 , 5 , 9 , 4 
16,41, 15 , 8 , 12 , 4 
16,42, 12 , 7 , 8 , 6 
16,43, 16 , 7 , 11 , 4 
16,44, 16 , 8 , 11 , 4 
16,45, 15 , 9 , 11 , 3 
16,46, 14 , 11 , 12 , 6 
16,47, 16 , 8 , 8 , 5 
16,48, 15 , 7 , 13 , 4 
16,49, 17 , 8 , 9 , 5 
16,50, 15 , 8 , 14 , 3 
16,51, 17 , 5 , 10 , 4 
16,52, 17 , 5 , 13 , 4 
16,53, 16 , 5 , 12 , 6 
16,54, 18 , 7 , 12 , 5 
16,55, 17 , 4 , 11 , 4 
16,56, 13 , 6 , 11 , 3 
16,57, 15 , 7 , 12 , 3 
16,58, 17 , 6 , 16 , 3 
16,59, 17 , 7 , 10 , 4 
17,0, 13 , 7 , 11 , 4 
17,1, 18 , 7 , 14 , 5 
17,2, 16 , 8 , 12 , 3 
17,3, 16 , 9 , 12 , 4 
17,4, 17 , 7 , 12 , 4 
17,5, 15 , 8 , 8 , 5 
17,6, 14 , 8 , 15 , 4 
17,7, 14 , 10 , 11 , 5 
17,8, 15 , 12 , 11 , 5 
17,9, 14 , 8 , 10 , 4 
17,10, 14 , 6 , 11 , 3 
17,11, 15 , 6 , 10 , 3 
17,12, 17 , 9 , 9 , 3 
17,13, 16 , 9 , 9 , 4 
17,14, 17 , 9 , 9 , 5 
17,15, 17 , 7 , 11 , 3 
17,16, 19 , 6 , 9 , 4 
17,17, 16 , 6 , 7 , 4 
17,18, 15 , 5 , 10 , 3 
17,19, 16 , 8 , 13 , 4 
17,20, 14 , 10 , 10 , 3 
17,21, 17 , 8 , 13 , 4 
17,22, 18 , 8 , 12 , 4 
17,23, 15 , 8 , 9 , 3 
17,24, 14 , 7 , 12 , 3 
17,25, 13 , 6 , 13 , 5 
17,26, 14 , 8 , 11 , 3 
17,27, 16 , 8 , 14 , 2 
17,28, 14 , 5 , 13 , 4 
17,29, 15 , 5 , 15 , 4 
17,30, 14 , 5 , 10 , 4 
17,31, 18 , 6 , 10 , 5 
17,32, 17 , 8 , 10 , 3 
17,33, 18 , 7 , 9 , 4 
17,34, 15 , 8 , 12 , 3 
17,35, 15 , 7 , 13 , 3 
17,36, 15 , 6 , 12 , 3 
17,37, 14 , 9 , 15 , 3 
17,38, 14 , 6 , 13 , 3 
17,39, 14 , 8 , 14 , 3 
17,40, 15 , 6 , 12 , 3 
17,41, 14 , 7 , 15 , 3 
17,42, 15 , 7 , 14 , 3 
17,43, 15 , 7 , 11 , 2 
17,44, 17 , 8 , 14 , 3 
17,45, 16 , 10 , 13 , 3 
17,46, 14 , 10 , 15 , 2 
17,47, 13 , 8 , 15 , 2 
17,48, 17 , 9 , 16 , 3 
17,49, 15 , 8 , 14 , 4 
17,50, 15 , 7 , 13 , 3 
17,51, 16 , 8 , 14 , 3 
17,52, 16 , 9 , 16 , 2 
17,53, 15 , 8 , 15 , 2 
17,54, 14 , 11 , 16 , 2 
17,55, 15 , 9 , 11 , 3 
17,56, 14 , 9 , 12 , 3 
17,57, 15 , 8 , 11 , 4 
17,58, 14 , 7 , 13 , 2 
17,59, 14 , 7 , 14 , 3 
18,0, 16 , 8 , 14 , 3 
18,1, 14 , 7 , 11 , 2 
18,2, 16 , 7 , 14 , 4 
18,3, 15 , 8 , 13 , 4 
18,4, 17 , 9 , 11 , 3 
18,5, 15 , 7 , 10 , 3 
18,6, 16 , 6 , 13 , 4 
18,7, 13 , 6 , 14 , 3 
18,8, 16 , 6 , 13 , 3 
18,9, 15 , 7 , 12 , 3 
18,10, 13 , 6 , 13 , 3 
18,11, 15 , 6 , 16 , 4 
18,12, 14 , 7 , 13 , 3 
18,13, 16 , 7 , 14 , 3 
18,14, 14 , 8 , 17 , 3 
18,15, 16 , 7 , 14 , 3 
18,16, 15 , 7 , 14 , 3 
18,17, 16 , 6 , 15 , 3 
18,18, 15 , 8 , 18 , 3 
18,19, 15 , 8 , 15 , 2 
18,20, 16 , 8 , 12 , 2 
18,21, 17 , 8 , 13 , 3 
18,22, 17 , 11 , 16 , 3 
18,23, 15 , 9 , 11 , 3 
18,24, 17 , 8 , 10 , 2 
18,25, 14 , 8 , 16 , 3 
18,26, 17 , 8 , 18 , 2 
18,27, 18 , 7 , 12 , 2 
18,28, 14 , 9 , 12 , 3 
18,29, 15 , 7 , 12 , 2 
18,30, 14 , 8 , 11 , 3 
18,31, 13 , 8 , 13 , 3 
18,32, 14 , 6 , 12 , 2 
18,33, 15 , 8 , 13 , 3 
18,34, 14 , 6 , 13 , 2 
18,35, 14 , 7 , 18 , 2 
18,36, 15 , 8 , 16 , 3 
18,37, 15 , 8 , 15 , 3 
18,38, 15 , 7 , 18 , 3 
18,39, 14 , 9 , 18 , 3 
18,40, 15 , 9 , 19 , 4 
18,41, 15 , 9 , 17 , 2 
18,42, 15 , 7 , 16 , 3 
18,43, 12 , 7 , 15 , 3 
18,44, 14 , 9 , 13 , 3 
18,45, 16 , 8 , 14 , 3 
18,46, 15 , 10 , 14 , 2 
18,47, 15 , 10 , 15 , 3 
18,48, 16 , 9 , 20 , 2 
18,49, 12 , 8 , 19 , 4 
18,50, 13 , 10 , 18 , 2 
18,51, 13 , 9 , 17 , 2 
18,52, 13 , 8 , 22 , 2 
18,53, 13 , 9 , 16 , 3 
18,54, 14 , 9 , 17 , 2 
18,55, 16 , 8 , 16 , 2 
18,56, 16 , 10 , 20 , 2 
18,57, 17 , 7 , 15 , 2 
18,58, 13 , 8 , 16 , 2 
18,59, 13 , 10 , 16 , 1 
19,0, 15 , 7 , 16 , 2 
19,1, 14 , 7 , 15 , 2 
19,2, 16 , 7 , 14 , 3 
19,3, 17 , 6 , 16 , 3 
19,4, 17 , 8 , 15 , 3 
19,5, 13 , 7 , 13 , 3 
19,6, 13 , 8 , 13 , 3 
19,7, 15 , 9 , 15 , 2 
19,8, 14 , 9 , 17 , 3 
19,9, 14 , 8 , 16 , 2 
19,10, 14 , 8 , 15 , 2 
19,11, 12 , 7 , 16 , 3 
19,12, 14 , 8 , 16 , 3 
19,13, 15 , 10 , 19 , 3 
19,14, 15 , 9 , 18 , 2 
19,15, 16 , 11 , 15 , 2 
19,16, 13 , 8 , 12 , 3 
19,17, 15 , 6 , 14 , 2 
19,18, 15 , 7 , 14 , 2 
19,19, 15 , 8 , 14 , 2 
19,20, 13 , 8 , 14 , 4 
19,21, 16 , 9 , 12 , 3 
19,22, 14 , 9 , 14 , 4 
19,23, 14 , 8 , 16 , 2 
19,24, 13 , 9 , 15 , 2 
19,25, 13 , 9 , 15 , 2 
19,26, 14 , 6 , 18 , 2 
19,27, 13 , 9 , 13 , 2 
19,28, 13 , 7 , 18 , 3 
19,29, 13 , 7 , 13 , 2 
19,30, 12 , 7 , 16 , 3 
19,31, 13 , 9 , 15 , 3 
19,32, 13 , 7 , 12 , 3 
19,33, 12 , 8 , 13 , 2 
19,34, 14 , 9 , 15 , 3 
19,35, 13 , 9 , 15 , 3 
19,36, 14 , 11 , 13 , 4 
19,37, 14 , 9 , 13 , 2 
19,38, 11 , 8 , 16 , 3 
19,39, 13 , 6 , 15 , 3 
19,40, 13 , 7 , 17 , 3 
19,41, 13 , 8 , 14 , 2 
19,42, 15 , 7 , 12 , 3 
19,43, 13 , 8 , 15 , 3 
19,44, 13 , 6 , 15 , 3 
19,45, 13 , 8 , 15 , 2 
19,46, 12 , 7 , 16 , 3 
19,47, 13 , 6 , 16 , 3 
19,48, 12 , 7 , 15 , 3 
19,49, 13 , 6 , 10 , 3 
19,50, 12 , 6 , 16 , 4 
19,51, 16 , 6 , 15 , 3 
19,52, 14 , 6 , 17 , 3 
19,53, 13 , 7 , 16 , 3 
19,54, 12 , 9 , 12 , 1 
19,55, 12 , 8 , 11 , 2 
19,56, 12 , 7 , 12 , 3 
19,57, 14 , 6 , 10 , 2 
19,58, 13 , 8 , 15 , 2 
19,59, 11 , 7 , 13 , 2 
20,0, 10 , 7 , 10 , 2 
20,1, 11 , 7 , 13 , 2 
20,2, 14 , 7 , 11 , 2 
20,3, 12 , 11 , 12 , 2 
20,4, 14 , 9 , 13 , 2 
20,5, 13 , 9 , 12 , 2 
20,6, 11 , 6 , 12 , 3 
20,7, 11 , 7 , 9 , 2 
20,8, 12 , 9 , 9 , 2 
20,9, 11 , 7 , 10 , 3 
20,10, 12 , 9 , 10 , 2 
20,11, 11 , 10 , 12 , 3 
20,12, 11 , 6 , 14 , 2 
20,13, 13 , 6 , 13 , 2 
20,14, 15 , 8 , 12 , 3 
20,15, 14 , 7 , 11 , 2 
20,16, 12 , 6 , 13 , 3 
20,17, 8 , 6 , 12 , 2 
20,18, 12 , 6 , 10 , 2 
20,19, 11 , 6 , 12 , 3 
20,20, 14 , 8 , 14 , 3 
20,21, 10 , 6 , 15 , 3 
20,22, 10 , 6 , 13 , 3 
20,23, 10 , 6 , 10 , 3 
20,24, 11 , 8 , 9 , 3 
20,25, 14 , 5 , 9 , 2 
20,26, 11 , 8 , 9 , 3 
20,27, 9 , 8 , 9 , 3 
20,28, 10 , 6 , 10 , 3 
20,29, 10 , 7 , 10 , 2 
20,30, 11 , 7 , 10 , 2 
20,31, 9 , 6 , 9 , 3 
20,32, 10 , 7 , 9 , 2 
20,33, 12 , 7 , 10 , 4 
20,34, 10 , 8 , 9 , 4 
20,35, 8 , 6 , 10 , 2 
20,36, 11 , 7 , 9 , 2 
20,37, 10 , 6 , 10 , 2 
20,38, 11 , 6 , 9 , 3 
20,39, 12 , 7 , 12 , 3 
20,40, 10 , 7 , 10 , 3 
20,41, 11 , 4 , 13 , 3 
20,42, 8 , 6 , 12 , 3 
20,43, 8 , 7 , 10 , 4 
20,44, 7 , 7 , 12 , 2 
20,45, 10 , 6 , 11 , 2 
20,46, 9 , 7 , 11 , 2 
20,47, 9 , 5 , 10 , 2 
20,48, 8 , 6 , 12 , 2 
20,49, 11 , 6 , 11 , 2 
20,50, 11 , 6 , 8 , 3 
20,51, 11 , 7 , 11 , 2 
20,52, 10 , 6 , 12 , 3 
20,53, 10 , 6 , 9 , 3 
20,54, 10 , 4 , 9 , 3 
20,55, 8 , 5 , 7 , 3 
20,56, 9 , 7 , 8 , 3 
20,57, 11 , 8 , 9 , 3 
20,58, 9 , 7 , 9 , 3 
20,59, 10 , 6 , 11 , 2 
21,0, 10 , 7 , 11 , 4 
21,1, 10 , 6 , 8 , 4 
21,2, 12 , 8 , 9 , 4 
21,3, 13 , 7 , 10 , 2 
21,4, 11 , 9 , 8 , 3 
21,5, 13 , 7 , 8 , 3 
21,6, 10 , 7 , 10 , 3 
21,7, 10 , 5 , 14 , 3 
21,8, 11 , 4 , 11 , 3 
21,9, 9 , 5 , 11 , 3 
21,10, 11 , 5 , 8 , 4 
21,11, 8 , 4 , 10 , 3 
21,12, 8 , 5 , 11 , 2 
21,13, 10 , 6 , 11 , 4 
21,14, 8 , 5 , 8 , 3 
21,15, 8 , 5 , 7 , 4 
21,16, 8 , 4 , 10 , 3 
21,17, 7 , 6 , 11 , 4 
21,18, 8 , 6 , 12 , 4 
21,19, 9 , 5 , 9 , 3 
21,20, 8 , 6 , 10 , 4 
21,21, 7 , 5 , 11 , 3 
21,22, 8 , 5 , 8 , 2 
21,23, 7 , 4 , 9 , 3 
21,24, 7 , 5 , 9 , 3 
21,25, 9 , 5 , 11 , 3 
21,26, 8 , 6 , 9 , 3 
21,27, 9 , 4 , 6 , 3 
21,28, 9 , 4 , 8 , 5 
21,29, 9 , 5 , 7 , 4 
21,30, 9 , 5 , 10 , 3 
21,31, 8 , 7 , 8 , 4 
21,32, 9 , 8 , 7 , 4 
21,33, 10 , 5 , 6 , 4 
21,34, 7 , 5 , 7 , 3 
21,35, 8 , 4 , 5 , 3 
21,36, 8 , 5 , 6 , 4 
21,37, 8 , 5 , 7 , 3 
21,38, 7 , 6 , 8 , 3 
21,39, 7 , 5 , 8 , 4 
21,40, 6 , 4 , 8 , 4 
21,41, 6 , 3 , 7 , 3 
21,42, 6 , 5 , 7 , 3 
21,43, 9 , 4 , 8 , 3 
21,44, 8 , 4 , 8 , 2 
21,45, 8 , 3 , 8 , 4 
21,46, 8 , 4 , 7 , 4 
21,47, 7 , 4 , 9 , 5 
21,48, 7 , 4 , 8 , 4 
21,49, 8 , 4 , 7 , 4 
21,50, 8 , 4 , 9 , 2 
21,51, 8 , 4 , 9 , 4 
21,52, 8 , 8 , 11 , 4 
21,53, 6 , 6 , 9 , 3 
21,54, 8 , 6 , 8 , 4 
21,55, 8 , 4 , 7 , 3 
21,56, 9 , 5 , 7 , 4 
21,57, 7 , 5 , 6 , 4 
21,58, 7 , 8 , 7 , 5 
21,59, 7 , 10 , 8 , 4 
22,0, 5 , 5 , 8 , 3 
22,1, 6 , 5 , 6 , 3 
22,2, 6 , 3 , 6 , 4 
22,3, 6 , 6 , 6 , 4 
22,4, 6 , 6 , 7 , 5 
22,5, 8 , 6 , 8 , 4 
22,6, 5 , 4 , 7 , 4 
22,7, 8 , 7 , 6 , 6 
22,8, 7 , 4 , 5 , 8 
22,9, 7 , 5 , 6 , 5 
22,10, 6 , 4 , 8 , 4 
22,11, 6 , 3 , 8 , 4 
22,12, 7 , 4 , 6 , 5 
22,13, 6 , 4 , 5 , 4 
22,14, 6 , 6 , 6 , 5 
22,15, 6 , 4 , 7 , 4 
22,16, 5 , 4 , 11 , 4 
22,17, 6 , 4 , 5 , 6 
22,18, 7 , 5 , 6 , 5 
22,19, 5 , 5 , 6 , 5 
22,20, 6 , 4 , 4 , 4 
22,21, 7 , 4 , 3 , 4 
22,22, 6 , 5 , 5 , 4 
22,23, 6 , 3 , 4 , 5 
22,24, 6 , 4 , 5 , 5 
22,25, 7 , 4 , 5 , 4 
22,26, 7 , 5 , 6 , 4 
22,27, 6 , 7 , 4 , 5 
22,28, 5 , 5 , 3 , 6 
22,29, 7 , 3 , 3 , 6 
22,30, 6 , 5 , 6 , 6 
22,31, 6 , 3 , 3 , 6 
22,32, 6 , 4 , 4 , 7 
22,33, 5 , 5 , 5 , 8 
22,34, 6 , 5 , 6 , 7 
22,35, 6 , 3 , 6 , 6 
22,36, 5 , 3 , 4 , 5 
22,37, 5 , 3 , 4 , 5 
22,38, 6 , 4 , 6 , 8 
22,39, 4 , 5 , 6 , 6 
22,40, 6 , 4 , 5 , 7 
22,41, 6 , 4 , 5 , 7 
22,42, 6 , 4 , 7 , 6 
22,43, 6 , 4 , 4 , 7 
22,44, 4 , 3 , 6 , 6 
22,45, 5 , 3 , 6 , 6 
22,46, 5 , 4 , 3 , 6 
22,47, 5 , 4 , 5 , 6 
22,48, 5 , 2 , 7 , 6 
22,49, 4 , 4 , 5 , 5 
22,50, 6 , 2 , 4 , 4 
22,51, 6 , 3 , 4 , 4 
22,52, 4 , 3 , 3 , 6 
22,53, 5 , 2 , 3 , 6 
22,54, 5 , 4 , 4 , 7 
22,55, 5 , 5 , 6 , 5 
22,56, 6 , 7 , 4 , 5 
22,57, 5 , 4 , 5 , 5 
22,58, 5 , 5 , 4 , 3 
22,59, 5 , 3 , 4 , 4 
23,0, 4 , 3 , 5 , 3 
23,1, 5 , 4 , 4 , 5 
23,2, 6 , 4 , 3 , 7 
23,3, 4 , 4 , 4 , 6 
23,4, 4 , 4 , 8 , 7 
23,5, 6 , 3 , 4 , 5 
23,6, 4 , 4 , 2 , 5 
23,7, 5 , 3 , 5 , 5 
23,8, 5 , 3 , 4 , 5 
23,9, 5 , 5 , 4 , 5 
23,10, 6 , 3 , 3 , 4 
23,11, 5 , 4 , 6 , 5 
23,12, 5 , 3 , 6 , 5 
23,13, 4 , 4 , 3 , 6 
23,14, 4 , 5 , 4 , 5 
23,15, 4 , 4 , 4 , 7 
23,16, 3 , 4 , 5 , 5 
23,17, 3 , 3 , 6 , 6 
23,18, 4 , 4 , 5 , 5 
23,19, 4 , 4 , 5 , 6 
23,20, 4 , 3 , 6 , 5 
23,21, 4 , 3 , 6 , 4 
23,22, 4 , 3 , 5 , 5 
23,23, 4 , 4 , 6 , 7 
23,24, 4 , 4 , 5 , 8 
23,25, 5 , 3 , 4 , 8 
23,26, 5 , 3 , 6 , 6 
23,27, 4 , 2 , 4 , 8 
23,28, 5 , 2 , 4 , 6 
23,29, 5 , 2 , 4 , 8 
23,30, 4 , 2 , 4 , 7 
23,31, 4 , 2 , 4 , 8 
23,32, 4 , 2 , 5 , 7 
23,33, 5 , 2 , 3 , 8 
23,34, 4 , 2 , 3 , 9 
23,35, 4 , 3 , 7 , 8 
23,36, 4 , 2 , 5 , 8 
23,37, 3 , 3 , 6 , 6 
23,38, 5 , 2 , 5 , 7 
23,39, 4 , 3 , 5 , 7 
23,40, 3 , 3 , 5 , 5 
23,41, 4 , 4 , 5 , 6 
23,42, 4 , 3 , 4 , 7 
23,43, 3 , 2 , 4 , 6 
23,44, 3 , 2 , 8 , 7 
23,45, 3 , 3 , 4 , 6 
23,46, 4 , 2 , 4 , 7 
23,47, 3 , 2 , 4 , 6 
23,48, 4 , 3 , 4 , 4 
23,49, 4 , 4 , 4 , 5 
23,50, 4 , 3 , 4 , 8 
23,51, 4 , 3 , 4 , 5 
23,52, 5 , 3 , 4 , 7 
23,53, 4 , 2 , 4 , 6 
23,54, 4 , 2 , 4 , 5 
23,55, 3 , 2 , 2 , 7 
23,56, 3 , 2 , 3 , 7 
23,57, 3 , 2 , 3 , 6 
23,58, 3 , 2 , 2 , 6 
23,59, 4 , 2 , 2 , 7 
