hour,minute,UK,UK_p,US,US_p,CEMEA,CEMEA_p,Asia,Asia_p,Mid_East,Mid_East_p
0, -   , 308 , 18 , 628 , 54 , 119 , 15 , 334 , 81 , 15 , 24 
0, 1 , 326 , 19 , 741 , 63 , 129 , 16 , 347 , 85 , 20 , 33 
0, 2 , 312 , 18 , 732 , 63 , 131 , 17 , 340 , 83 , 14 , 24 
0, 3 , 308 , 18 , 713 , 61 , 127 , 16 , 331 , 81 , 15 , 24 
0, 4 , 314 , 18 , 762 , 65 , 124 , 16 , 321 , 78 , 18 , 29 
0, 5 , 301 , 17 , 722 , 62 , 125 , 16 , 325 , 79 , 15 , 26 
0, 6 , 294 , 17 , 666 , 57 , 126 , 16 , 336 , 82 , 17 , 28 
0, 7 , 292 , 17 , 659 , 57 , 108 , 14 , 330 , 81 , 16 , 26 
0, 8 , 289 , 16 , 654 , 56 , 108 , 14 , 337 , 82 , 18 , 30 
0, 9 , 293 , 17 , 638 , 55 , 108 , 14 , 335 , 82 , 18 , 29 
0, 10 , 297 , 17 , 632 , 54 , 111 , 14 , 339 , 83 , 15 , 25 
0, 11 , 289 , 17 , 631 , 54 , 108 , 14 , 338 , 83 , 16 , 26 
0, 12 , 281 , 16 , 630 , 54 , 117 , 15 , 338 , 83 , 15 , 24 
0, 13 , 275 , 16 , 645 , 55 , 111 , 14 , 353 , 86 , 14 , 22 
0, 14 , 288 , 16 , 684 , 59 , 116 , 15 , 349 , 85 , 18 , 29 
0, 15 , 279 , 16 , 727 , 62 , 114 , 14 , 354 , 86 , 18 , 29 
0, 16 , 271 , 15 , 630 , 54 , 108 , 14 , 352 , 86 , 17 , 28 
0, 17 , 265 , 15 , 626 , 54 , 101 , 13 , 343 , 84 , 18 , 29 
0, 18 , 252 , 14 , 607 , 52 , 108 , 14 , 340 , 83 , 19 , 30 
0, 19 , 261 , 15 , 601 , 52 , 101 , 13 , 351 , 86 , 18 , 30 
0, 20 , 255 , 15 , 621 , 53 , 92 , 12 , 351 , 86 , 18 , 29 
0, 21 , 253 , 14 , 594 , 51 , 105 , 13 , 355 , 87 , 14 , 24 
0, 22 , 246 , 14 , 597 , 51 , 91 , 12 , 351 , 86 , 18 , 29 
0, 23 , 271 , 15 , 669 , 57 , 112 , 14 , 378 , 92 , 14 , 23 
0, 24 , 245 , 14 , 610 , 52 , 98 , 12 , 356 , 87 , 16 , 26 
0, 25 , 237 , 14 , 631 , 54 , 95 , 12 , 358 , 87 , 17 , 27 
0, 26 , 220 , 13 , 644 , 55 , 93 , 12 , 366 , 89 , 15 , 25 
0, 27 , 232 , 13 , 633 , 54 , 96 , 12 , 356 , 87 , 17 , 29 
0, 28 , 228 , 13 , 629 , 54 , 84 , 11 , 364 , 89 , 15 , 25 
0, 29 , 237 , 14 , 642 , 55 , 93 , 12 , 378 , 92 , 17 , 28 
0, 30 , 215 , 12 , 646 , 55 , 86 , 11 , 371 , 91 , 15 , 25 
0, 31 , 203 , 12 , 643 , 55 , 81 , 10 , 349 , 85 , 17 , 27 
0, 32 , 226 , 13 , 641 , 55 , 83 , 11 , 366 , 89 , 17 , 28 
0, 33 , 228 , 13 , 658 , 56 , 83 , 11 , 364 , 89 , 16 , 26 
0, 34 , 237 , 13 , 648 , 56 , 79 , 10 , 360 , 88 , 16 , 27 
0, 35 , 216 , 12 , 614 , 53 , 84 , 11 , 370 , 90 , 16 , 26 
0, 36 , 213 , 12 , 616 , 53 , 82 , 10 , 365 , 89 , 15 , 25 
0, 37 , 200 , 11 , 596 , 51 , 81 , 10 , 370 , 90 , 15 , 25 
0, 38 , 202 , 12 , 665 , 57 , 81 , 10 , 359 , 88 , 14 , 23 
0, 39 , 199 , 11 , 657 , 56 , 77 , 10 , 373 , 91 , 14 , 23 
0, 40 , 198 , 11 , 628 , 54 , 74 , 9 , 368 , 90 , 18 , 29 
0, 41 , 193 , 11 , 625 , 54 , 76 , 10 , 359 , 88 , 15 , 25 
0, 42 , 191 , 11 , 632 , 54 , 75 , 9 , 363 , 89 , 14 , 24 
0, 43 , 196 , 11 , 646 , 55 , 82 , 10 , 380 , 93 , 17 , 27 
0, 44 , 198 , 11 , 658 , 56 , 81 , 10 , 373 , 91 , 15 , 24 
0, 45 , 196 , 11 , 771 , 66 , 84 , 11 , 410 , 100 , 16 , 26 
0, 46 , 191 , 11 , 821 , 70 , 77 , 10 , 378 , 92 , 15 , 25 
0, 47 , 184 , 11 , 804 , 69 , 74 , 9 , 378 , 92 , 14 , 22 
0, 48 , 187 , 11 , 781 , 67 , 73 , 9 , 383 , 93 , 15 , 25 
0, 49 , 179 , 10 , 798 , 68 , 73 , 9 , 387 , 94 , 16 , 27 
0, 50 , 176 , 10 , 812 , 70 , 71 , 9 , 386 , 94 , 15 , 24 
0, 51 , 177 , 10 , 859 , 74 , 75 , 9 , 382 , 93 , 17 , 28 
0, 52 , 184 , 11 , 818 , 70 , 75 , 10 , 374 , 91 , 12 , 20 
0, 53 , 177 , 10 , 830 , 71 , 78 , 10 , 382 , 93 , 12 , 19 
0, 54 , 171 , 10 , 816 , 70 , 74 , 9 , 380 , 93 , 15 , 24 
0, 55 , 180 , 10 , 799 , 68 , 78 , 10 , 365 , 89 , 16 , 26 
0, 56 , 176 , 10 , 797 , 68 , 74 , 9 , 366 , 89 , 16 , 27 
0, 57 , 179 , 10 , 846 , 73 , 76 , 10 , 376 , 92 , 14 , 24 
0, 58 , 172 , 10 , 828 , 71 , 73 , 9 , 379 , 93 , 12 , 20 
0, 59 , 174 , 10 , 812 , 70 , 64 , 8 , 371 , 91 , 11 , 19 
1, -   , 175 , 10 , 835 , 72 , 67 , 8 , 369 , 90 , 14 , 23 
1, 1 , 183 , 10 , 964 , 83 , 77 , 10 , 380 , 93 , 19 , 32 
1, 2 , 177 , 10 , 942 , 81 , 76 , 10 , 378 , 92 , 18 , 29 
1, 3 , 172 , 10 , 942 , 81 , 74 , 9 , 360 , 88 , 18 , 29 
1, 4 , 172 , 10 , 994 , 85 , 71 , 9 , 367 , 89 , 16 , 26 
1, 5 , 158 , 9 , 973 , 83 , 65 , 8 , 377 , 92 , 15 , 24 
1, 6 , 167 , 10 , 930 , 80 , 68 , 9 , 365 , 89 , 12 , 20 
1, 7 , 164 , 9 , 870 , 75 , 70 , 9 , 362 , 88 , 13 , 21 
1, 8 , 158 , 9 , 885 , 76 , 67 , 9 , 355 , 87 , 18 , 30 
1, 9 , 159 , 9 , 889 , 76 , 66 , 8 , 364 , 89 , 18 , 29 
1, 10 , 170 , 10 , 872 , 75 , 69 , 9 , 374 , 91 , 18 , 29 
1, 11 , 150 , 9 , 888 , 76 , 63 , 8 , 365 , 89 , 14 , 23 
1, 12 , 155 , 9 , 884 , 76 , 66 , 8 , 362 , 88 , 14 , 23 
1, 13 , 142 , 8 , 911 , 78 , 67 , 9 , 350 , 85 , 18 , 30 
1, 14 , 144 , 8 , 966 , 83 , 74 , 9 , 356 , 87 , 17 , 28 
1, 15 , 149 , 8 , 992 , 85 , 67 , 8 , 361 , 88 , 17 , 29 
1, 16 , 147 , 8 , 881 , 75 , 66 , 8 , 347 , 85 , 16 , 26 
1, 17 , 139 , 8 , 896 , 77 , 65 , 8 , 352 , 86 , 15 , 24 
1, 18 , 141 , 8 , 848 , 73 , 69 , 9 , 353 , 86 , 15 , 24 
1, 19 , 135 , 8 , 849 , 73 , 62 , 8 , 348 , 85 , 18 , 30 
1, 20 , 137 , 8 , 885 , 76 , 68 , 9 , 350 , 86 , 17 , 28 
1, 21 , 139 , 8 , 869 , 74 , 68 , 9 , 359 , 88 , 16 , 26 
1, 22 , 136 , 8 , 843 , 72 , 60 , 8 , 363 , 89 , 14 , 22 
1, 23 , 132 , 8 , 850 , 73 , 64 , 8 , 345 , 84 , 16 , 27 
1, 24 , 125 , 7 , 856 , 73 , 55 , 7 , 351 , 86 , 14 , 23 
1, 25 , 127 , 7 , 872 , 75 , 58 , 7 , 366 , 89 , 14 , 23 
1, 26 , 129 , 7 , 898 , 77 , 62 , 8 , 355 , 87 , 14 , 23 
1, 27 , 127 , 7 , 897 , 77 , 64 , 8 , 356 , 87 , 17 , 28 
1, 28 , 132 , 8 , 882 , 76 , 63 , 8 , 370 , 90 , 14 , 23 
1, 29 , 120 , 7 , 851 , 73 , 61 , 8 , 350 , 85 , 16 , 26 
1, 30 , 122 , 7 , 855 , 73 , 67 , 9 , 355 , 87 , 17 , 28 
1, 31 , 120 , 7 , 843 , 72 , 64 , 8 , 347 , 85 , 15 , 24 
1, 32 , 122 , 7 , 849 , 73 , 62 , 8 , 341 , 83 , 12 , 20 
1, 33 , 120 , 7 , 849 , 73 , 59 , 7 , 355 , 87 , 12 , 19 
1, 34 , 121 , 7 , 857 , 73 , 65 , 8 , 364 , 89 , 17 , 28 
1, 35 , 119 , 7 , 815 , 70 , 60 , 8 , 367 , 90 , 13 , 21 
1, 36 , 129 , 7 , 821 , 70 , 59 , 7 , 341 , 83 , 16 , 27 
1, 37 , 119 , 7 , 838 , 72 , 53 , 7 , 345 , 84 , 12 , 20 
1, 38 , 117 , 7 , 865 , 74 , 60 , 8 , 339 , 83 , 14 , 23 
1, 39 , 116 , 7 , 871 , 75 , 60 , 8 , 342 , 84 , 15 , 24 
1, 40 , 111 , 6 , 864 , 74 , 57 , 7 , 337 , 82 , 13 , 22 
1, 41 , 111 , 6 , 842 , 72 , 62 , 8 , 330 , 81 , 12 , 19 
1, 42 , 120 , 7 , 835 , 72 , 55 , 7 , 326 , 80 , 14 , 24 
1, 43 , 114 , 6 , 836 , 72 , 53 , 7 , 347 , 85 , 14 , 22 
1, 44 , 113 , 6 , 874 , 75 , 55 , 7 , 339 , 83 , 16 , 26 
1, 45 , 116 , 7 , 894 , 77 , 61 , 8 , 365 , 89 , 15 , 24 
1, 46 , 112 , 6 , 853 , 73 , 56 , 7 , 347 , 85 , 15 , 25 
1, 47 , 113 , 6 , 835 , 72 , 54 , 7 , 347 , 85 , 12 , 19 
1, 48 , 107 , 6 , 820 , 70 , 54 , 7 , 333 , 81 , 14 , 23 
1, 49 , 105 , 6 , 824 , 71 , 57 , 7 , 332 , 81 , 14 , 23 
1, 50 , 105 , 6 , 836 , 72 , 55 , 7 , 342 , 83 , 12 , 20 
1, 51 , 103 , 6 , 911 , 78 , 54 , 7 , 349 , 85 , 15 , 24 
1, 52 , 98 , 6 , 844 , 72 , 52 , 7 , 343 , 84 , 14 , 24 
1, 53 , 98 , 6 , 903 , 77 , 61 , 8 , 342 , 84 , 16 , 26 
1, 54 , 104 , 6 , 859 , 74 , 54 , 7 , 331 , 81 , 14 , 22 
1, 55 , 111 , 6 , 833 , 71 , 53 , 7 , 333 , 81 , 13 , 21 
1, 56 , 106 , 6 , 844 , 72 , 58 , 7 , 342 , 83 , 12 , 20 
1, 57 , 98 , 6 , 904 , 77 , 60 , 8 , 340 , 83 , 13 , 22 
1, 58 , 100 , 6 , 884 , 76 , 58 , 7 , 342 , 83 , 14 , 23 
1, 59 , 99 , 6 , 832 , 71 , 57 , 7 , 319 , 78 , 16 , 27 
2, -   , 106 , 6 , 847 , 73 , 60 , 8 , 326 , 79 , 16 , 27 
2, 1 , 111 , 6 , 960 , 82 , 60 , 8 , 334 , 82 , 16 , 26 
2, 2 , 108 , 6 , 957 , 82 , 64 , 8 , 328 , 80 , 17 , 28 
2, 3 , 99 , 6 , 929 , 80 , 66 , 8 , 339 , 83 , 16 , 27 
2, 4 , 113 , 6 , 967 , 83 , 64 , 8 , 335 , 82 , 14 , 23 
2, 5 , 98 , 6 , 949 , 81 , 64 , 8 , 334 , 82 , 14 , 24 
2, 6 , 95 , 5 , 906 , 78 , 64 , 8 , 332 , 81 , 16 , 26 
2, 7 , 98 , 6 , 862 , 74 , 61 , 8 , 334 , 82 , 15 , 24 
2, 8 , 101 , 6 , 855 , 73 , 59 , 8 , 330 , 81 , 17 , 27 
2, 9 , 96 , 5 , 852 , 73 , 63 , 8 , 332 , 81 , 17 , 29 
2, 10 , 95 , 5 , 837 , 72 , 61 , 8 , 329 , 80 , 17 , 28 
2, 11 , 90 , 5 , 850 , 73 , 54 , 7 , 319 , 78 , 15 , 25 
2, 12 , 86 , 5 , 848 , 73 , 58 , 7 , 324 , 79 , 19 , 31 
2, 13 , 86 , 5 , 864 , 74 , 59 , 7 , 336 , 82 , 22 , 36 
2, 14 , 87 , 5 , 918 , 79 , 58 , 7 , 333 , 81 , 20 , 33 
2, 15 , 89 , 5 , 950 , 81 , 56 , 7 , 350 , 85 , 16 , 27 
2, 16 , 85 , 5 , 877 , 75 , 63 , 8 , 327 , 80 , 17 , 29 
2, 17 , 82 , 5 , 863 , 74 , 58 , 7 , 333 , 81 , 20 , 32 
2, 18 , 78 , 4 , 829 , 71 , 61 , 8 , 347 , 85 , 16 , 26 
2, 19 , 85 , 5 , 834 , 71 , 55 , 7 , 332 , 81 , 17 , 28 
2, 20 , 81 , 5 , 838 , 72 , 54 , 7 , 332 , 81 , 20 , 33 
2, 21 , 90 , 5 , 810 , 69 , 56 , 7 , 348 , 85 , 20 , 33 
2, 22 , 85 , 5 , 811 , 69 , 55 , 7 , 338 , 83 , 17 , 27 
2, 23 , 82 , 5 , 810 , 69 , 55 , 7 , 336 , 82 , 19 , 31 
2, 24 , 80 , 5 , 816 , 70 , 61 , 8 , 322 , 79 , 20 , 34 
2, 25 , 97 , 6 , 832 , 71 , 60 , 8 , 313 , 76 , 17 , 28 
2, 26 , 86 , 5 , 838 , 72 , 61 , 8 , 324 , 79 , 18 , 30 
2, 27 , 90 , 5 , 831 , 71 , 51 , 6 , 311 , 76 , 16 , 26 
2, 28 , 87 , 5 , 832 , 71 , 55 , 7 , 312 , 76 , 16 , 27 
2, 29 , 82 , 5 , 811 , 69 , 58 , 7 , 311 , 76 , 19 , 31 
2, 30 , 78 , 4 , 829 , 71 , 57 , 7 , 309 , 75 , 19 , 31 
2, 31 , 87 , 5 , 807 , 69 , 66 , 8 , 315 , 77 , 17 , 28 
2, 32 , 69 , 4 , 834 , 71 , 60 , 8 , 321 , 78 , 17 , 28 
2, 33 , 86 , 5 , 829 , 71 , 57 , 7 , 309 , 75 , 20 , 32 
2, 34 , 91 , 5 , 839 , 72 , 59 , 7 , 316 , 77 , 19 , 31 
2, 35 , 90 , 5 , 811 , 69 , 59 , 7 , 314 , 77 , 20 , 32 
2, 36 , 82 , 5 , 806 , 69 , 53 , 7 , 303 , 74 , 21 , 35 
2, 37 , 86 , 5 , 804 , 69 , 55 , 7 , 304 , 74 , 18 , 29 
2, 38 , 82 , 5 , 842 , 72 , 57 , 7 , 303 , 74 , 20 , 34 
2, 39 , 84 , 5 , 811 , 70 , 59 , 7 , 305 , 74 , 24 , 40 
2, 40 , 88 , 5 , 808 , 69 , 53 , 7 , 316 , 77 , 23 , 37 
2, 41 , 81 , 5 , 817 , 70 , 59 , 7 , 317 , 77 , 19 , 32 
2, 42 , 78 , 4 , 818 , 70 , 58 , 7 , 314 , 77 , 19 , 31 
2, 43 , 80 , 5 , 809 , 69 , 59 , 7 , 321 , 78 , 20 , 33 
2, 44 , 78 , 4 , 818 , 70 , 57 , 7 , 314 , 77 , 20 , 32 
2, 45 , 87 , 5 , 857 , 73 , 59 , 7 , 363 , 89 , 18 , 30 
2, 46 , 85 , 5 , 823 , 71 , 58 , 7 , 334 , 82 , 21 , 34 
2, 47 , 80 , 5 , 805 , 69 , 58 , 7 , 328 , 80 , 18 , 30 
2, 48 , 80 , 5 , 782 , 67 , 55 , 7 , 315 , 77 , 22 , 36 
2, 49 , 76 , 4 , 787 , 67 , 49 , 6 , 320 , 78 , 20 , 33 
2, 50 , 77 , 4 , 787 , 67 , 50 , 6 , 325 , 79 , 23 , 37 
2, 51 , 79 , 5 , 864 , 74 , 57 , 7 , 339 , 83 , 23 , 37 
2, 52 , 83 , 5 , 830 , 71 , 58 , 7 , 323 , 79 , 23 , 38 
2, 53 , 83 , 5 , 838 , 72 , 58 , 7 , 334 , 82 , 20 , 32 
2, 54 , 71 , 4 , 825 , 71 , 56 , 7 , 324 , 79 , 20 , 32 
2, 55 , 83 , 5 , 800 , 69 , 61 , 8 , 329 , 80 , 21 , 34 
2, 56 , 76 , 4 , 772 , 66 , 57 , 7 , 324 , 79 , 24 , 39 
2, 57 , 71 , 4 , 821 , 70 , 59 , 7 , 323 , 79 , 23 , 38 
2, 58 , 68 , 4 , 775 , 66 , 60 , 8 , 326 , 80 , 22 , 36 
2, 59 , 72 , 4 , 766 , 66 , 60 , 8 , 322 , 79 , 23 , 38 
3, -   , 77 , 4 , 824 , 71 , 56 , 7 , 313 , 76 , 24 , 40 
3, 1 , 81 , 5 , 921 , 79 , 61 , 8 , 333 , 81 , 26 , 42 
3, 2 , 83 , 5 , 899 , 77 , 65 , 8 , 343 , 84 , 23 , 38 
3, 3 , 81 , 5 , 843 , 72 , 64 , 8 , 327 , 80 , 25 , 41 
3, 4 , 77 , 4 , 905 , 78 , 66 , 8 , 328 , 80 , 23 , 38 
3, 5 , 74 , 4 , 881 , 76 , 67 , 9 , 328 , 80 , 26 , 43 
3, 6 , 71 , 4 , 819 , 70 , 63 , 8 , 314 , 77 , 28 , 47 
3, 7 , 76 , 4 , 793 , 68 , 67 , 8 , 307 , 75 , 24 , 40 
3, 8 , 74 , 4 , 770 , 66 , 65 , 8 , 319 , 78 , 27 , 44 
3, 9 , 75 , 4 , 779 , 67 , 62 , 8 , 313 , 76 , 27 , 44 
3, 10 , 81 , 5 , 771 , 66 , 70 , 9 , 309 , 75 , 27 , 45 
3, 11 , 70 , 4 , 757 , 65 , 66 , 8 , 302 , 74 , 32 , 53 
3, 12 , 76 , 4 , 742 , 64 , 64 , 8 , 307 , 75 , 31 , 52 
3, 13 , 72 , 4 , 754 , 65 , 75 , 10 , 312 , 76 , 30 , 50 
3, 14 , 75 , 4 , 821 , 70 , 71 , 9 , 306 , 75 , 30 , 49 
3, 15 , 69 , 4 , 844 , 72 , 71 , 9 , 330 , 80 , 27 , 45 
3, 16 , 70 , 4 , 795 , 68 , 74 , 9 , 326 , 80 , 24 , 39 
3, 17 , 72 , 4 , 778 , 67 , 73 , 9 , 319 , 78 , 29 , 47 
3, 18 , 70 , 4 , 739 , 63 , 72 , 9 , 313 , 76 , 27 , 44 
3, 19 , 69 , 4 , 736 , 63 , 78 , 10 , 322 , 79 , 29 , 47 
3, 20 , 71 , 4 , 761 , 65 , 73 , 9 , 329 , 80 , 28 , 46 
3, 21 , 74 , 4 , 719 , 62 , 83 , 10 , 301 , 74 , 30 , 49 
3, 22 , 72 , 4 , 718 , 62 , 77 , 10 , 317 , 77 , 34 , 57 
3, 23 , 75 , 4 , 759 , 65 , 84 , 11 , 316 , 77 , 33 , 54 
3, 24 , 74 , 4 , 725 , 62 , 79 , 10 , 293 , 72 , 32 , 53 
3, 25 , 74 , 4 , 717 , 61 , 77 , 10 , 312 , 76 , 32 , 53 
3, 26 , 74 , 4 , 747 , 64 , 72 , 9 , 324 , 79 , 31 , 52 
3, 27 , 76 , 4 , 747 , 64 , 83 , 10 , 307 , 75 , 29 , 48 
3, 28 , 71 , 4 , 738 , 63 , 78 , 10 , 315 , 77 , 35 , 58 
3, 29 , 80 , 5 , 714 , 61 , 86 , 11 , 310 , 76 , 33 , 55 
3, 30 , 79 , 5 , 737 , 63 , 78 , 10 , 322 , 79 , 34 , 55 
3, 31 , 74 , 4 , 734 , 63 , 81 , 10 , 305 , 75 , 28 , 47 
3, 32 , 75 , 4 , 722 , 62 , 81 , 10 , 310 , 76 , 28 , 47 
3, 33 , 74 , 4 , 732 , 63 , 80 , 10 , 310 , 76 , 37 , 61 
3, 34 , 70 , 4 , 717 , 61 , 76 , 10 , 298 , 73 , 30 , 50 
3, 35 , 67 , 4 , 708 , 61 , 84 , 11 , 298 , 73 , 29 , 47 
3, 36 , 76 , 4 , 709 , 61 , 79 , 10 , 293 , 72 , 34 , 56 
3, 37 , 76 , 4 , 710 , 61 , 77 , 10 , 305 , 75 , 32 , 53 
3, 38 , 68 , 4 , 744 , 64 , 81 , 10 , 303 , 74 , 29 , 48 
3, 39 , 70 , 4 , 712 , 61 , 80 , 10 , 322 , 79 , 33 , 55 
3, 40 , 72 , 4 , 707 , 61 , 80 , 10 , 300 , 73 , 32 , 53 
3, 41 , 71 , 4 , 691 , 59 , 85 , 11 , 301 , 74 , 32 , 52 
3, 42 , 73 , 4 , 681 , 58 , 88 , 11 , 301 , 73 , 35 , 58 
3, 43 , 78 , 4 , 693 , 59 , 96 , 12 , 303 , 74 , 39 , 64 
3, 44 , 77 , 4 , 686 , 59 , 92 , 12 , 288 , 70 , 35 , 57 
3, 45 , 76 , 4 , 710 , 61 , 99 , 13 , 355 , 87 , 34 , 56 
3, 46 , 77 , 4 , 696 , 60 , 94 , 12 , 304 , 74 , 35 , 58 
3, 47 , 77 , 4 , 673 , 58 , 90 , 11 , 311 , 76 , 32 , 54 
3, 48 , 74 , 4 , 654 , 56 , 89 , 11 , 309 , 76 , 32 , 52 
3, 49 , 78 , 4 , 654 , 56 , 99 , 12 , 299 , 73 , 34 , 55 
3, 50 , 76 , 4 , 682 , 58 , 94 , 12 , 302 , 74 , 32 , 53 
3, 51 , 77 , 4 , 740 , 63 , 89 , 11 , 330 , 81 , 34 , 56 
3, 52 , 76 , 4 , 676 , 58 , 92 , 12 , 302 , 74 , 34 , 56 
3, 53 , 76 , 4 , 704 , 60 , 104 , 13 , 321 , 78 , 35 , 57 
3, 54 , 74 , 4 , 683 , 59 , 96 , 12 , 297 , 72 , 35 , 57 
3, 55 , 83 , 5 , 671 , 58 , 104 , 13 , 306 , 75 , 39 , 65 
3, 56 , 76 , 4 , 646 , 55 , 106 , 13 , 296 , 72 , 37 , 61 
3, 57 , 73 , 4 , 690 , 59 , 105 , 13 , 306 , 75 , 40 , 65 
3, 58 , 79 , 5 , 649 , 56 , 101 , 13 , 325 , 79 , 39 , 65 
3, 59 , 79 , 4 , 629 , 54 , 108 , 14 , 303 , 74 , 36 , 60 
4, -   , 75 , 4 , 668 , 57 , 105 , 13 , 295 , 72 , 36 , 60 
4, 1 , 82 , 5 , 767 , 66 , 106 , 13 , 315 , 77 , 37 , 60 
4, 2 , 82 , 5 , 761 , 65 , 110 , 14 , 319 , 78 , 37 , 61 
4, 3 , 83 , 5 , 724 , 62 , 101 , 13 , 315 , 77 , 38 , 63 
4, 4 , 84 , 5 , 758 , 65 , 110 , 14 , 331 , 81 , 37 , 61 
4, 5 , 86 , 5 , 754 , 65 , 114 , 14 , 327 , 80 , 34 , 56 
4, 6 , 82 , 5 , 704 , 60 , 118 , 15 , 315 , 77 , 34 , 57 
4, 7 , 83 , 5 , 688 , 59 , 110 , 14 , 321 , 78 , 35 , 58 
4, 8 , 80 , 5 , 662 , 57 , 125 , 16 , 324 , 79 , 37 , 60 
4, 9 , 79 , 4 , 647 , 55 , 118 , 15 , 312 , 76 , 40 , 65 
4, 10 , 87 , 5 , 644 , 55 , 116 , 15 , 319 , 78 , 34 , 57 
4, 11 , 83 , 5 , 611 , 52 , 117 , 15 , 339 , 83 , 38 , 62 
4, 12 , 90 , 5 , 647 , 55 , 128 , 16 , 317 , 77 , 34 , 56 
4, 13 , 86 , 5 , 633 , 54 , 131 , 17 , 322 , 79 , 40 , 65 
4, 14 , 91 , 5 , 657 , 56 , 126 , 16 , 345 , 84 , 40 , 66 
4, 15 , 93 , 5 , 679 , 58 , 125 , 16 , 336 , 82 , 39 , 63 
4, 16 , 90 , 5 , 638 , 55 , 132 , 17 , 318 , 78 , 38 , 62 
4, 17 , 95 , 5 , 637 , 55 , 136 , 17 , 316 , 77 , 41 , 68 
4, 18 , 99 , 6 , 588 , 50 , 126 , 16 , 311 , 76 , 37 , 62 
4, 19 , 97 , 6 , 598 , 51 , 136 , 17 , 310 , 76 , 39 , 63 
4, 20 , 92 , 5 , 575 , 49 , 142 , 18 , 304 , 74 , 36 , 60 
4, 21 , 101 , 6 , 559 , 48 , 144 , 18 , 321 , 78 , 37 , 61 
4, 22 , 97 , 6 , 556 , 48 , 134 , 17 , 318 , 78 , 37 , 60 
4, 23 , 114 , 7 , 619 , 53 , 168 , 21 , 327 , 80 , 35 , 58 
4, 24 , 99 , 6 , 553 , 47 , 139 , 18 , 307 , 75 , 38 , 63 
4, 25 , 98 , 6 , 564 , 48 , 150 , 19 , 309 , 75 , 33 , 55 
4, 26 , 107 , 6 , 576 , 49 , 144 , 18 , 318 , 78 , 36 , 60 
4, 27 , 96 , 5 , 585 , 50 , 161 , 20 , 322 , 79 , 37 , 60 
4, 28 , 109 , 6 , 560 , 48 , 144 , 18 , 320 , 78 , 40 , 66 
4, 29 , 106 , 6 , 547 , 47 , 140 , 18 , 300 , 73 , 45 , 74 
4, 30 , 111 , 6 , 549 , 47 , 160 , 20 , 309 , 75 , 35 , 58 
4, 31 , 104 , 6 , 571 , 49 , 159 , 20 , 318 , 78 , 42 , 70 
4, 32 , 109 , 6 , 557 , 48 , 162 , 21 , 300 , 73 , 46 , 75 
4, 33 , 109 , 6 , 566 , 49 , 173 , 22 , 299 , 73 , 36 , 59 
4, 34 , 110 , 6 , 559 , 48 , 170 , 22 , 305 , 74 , 45 , 74 
4, 35 , 119 , 7 , 548 , 47 , 170 , 22 , 293 , 71 , 46 , 75 
4, 36 , 127 , 7 , 527 , 45 , 163 , 21 , 292 , 71 , 40 , 66 
4, 37 , 121 , 7 , 534 , 46 , 174 , 22 , 285 , 70 , 37 , 62 
4, 38 , 115 , 7 , 552 , 47 , 175 , 22 , 298 , 73 , 40 , 65 
4, 39 , 121 , 7 , 545 , 47 , 174 , 22 , 287 , 70 , 41 , 67 
4, 40 , 118 , 7 , 528 , 45 , 169 , 21 , 293 , 71 , 39 , 64 
4, 41 , 124 , 7 , 530 , 45 , 185 , 24 , 290 , 71 , 39 , 64 
4, 42 , 124 , 7 , 516 , 44 , 173 , 22 , 288 , 70 , 35 , 58 
4, 43 , 130 , 7 , 496 , 42 , 191 , 24 , 289 , 71 , 40 , 66 
4, 44 , 127 , 7 , 509 , 44 , 193 , 25 , 306 , 75 , 42 , 70 
4, 45 , 139 , 8 , 538 , 46 , 200 , 25 , 346 , 85 , 42 , 70 
4, 46 , 134 , 8 , 510 , 44 , 191 , 24 , 305 , 74 , 42 , 69 
4, 47 , 150 , 9 , 505 , 43 , 189 , 24 , 295 , 72 , 45 , 74 
4, 48 , 139 , 8 , 502 , 43 , 199 , 25 , 285 , 69 , 44 , 72 
4, 49 , 149 , 9 , 495 , 42 , 203 , 26 , 293 , 72 , 48 , 79 
4, 50 , 141 , 8 , 481 , 41 , 200 , 25 , 299 , 73 , 47 , 77 
4, 51 , 146 , 8 , 536 , 46 , 220 , 28 , 305 , 74 , 43 , 71 
4, 52 , 154 , 9 , 513 , 44 , 219 , 28 , 302 , 74 , 40 , 66 
4, 53 , 162 , 9 , 514 , 44 , 218 , 28 , 301 , 74 , 46 , 76 
4, 54 , 162 , 9 , 493 , 42 , 229 , 29 , 290 , 71 , 44 , 72 
4, 55 , 182 , 10 , 458 , 39 , 223 , 28 , 296 , 72 , 45 , 75 
4, 56 , 171 , 10 , 471 , 40 , 225 , 28 , 297 , 73 , 52 , 85 
4, 57 , 173 , 10 , 491 , 42 , 233 , 29 , 291 , 71 , 45 , 73 
4, 58 , 174 , 10 , 488 , 42 , 211 , 27 , 305 , 74 , 45 , 73 
4, 59 , 178 , 10 , 484 , 41 , 214 , 27 , 303 , 74 , 43 , 70 
5, -   , 183 , 10 , 510 , 44 , 233 , 30 , 296 , 72 , 46 , 76 
5, 1 , 203 , 12 , 607 , 52 , 248 , 31 , 331 , 81 , 48 , 79 
5, 2 , 209 , 12 , 581 , 50 , 235 , 30 , 323 , 79 , 47 , 77 
5, 3 , 206 , 12 , 548 , 47 , 227 , 29 , 326 , 80 , 47 , 78 
5, 4 , 202 , 12 , 549 , 47 , 248 , 31 , 332 , 81 , 49 , 81 
5, 5 , 198 , 11 , 543 , 47 , 258 , 33 , 340 , 83 , 43 , 72 
5, 6 , 220 , 13 , 519 , 44 , 241 , 31 , 331 , 81 , 45 , 75 
5, 7 , 232 , 13 , 500 , 43 , 243 , 31 , 326 , 80 , 45 , 74 
5, 8 , 232 , 13 , 472 , 40 , 251 , 32 , 329 , 80 , 44 , 72 
5, 9 , 229 , 13 , 462 , 40 , 258 , 33 , 331 , 81 , 41 , 68 
5, 10 , 229 , 13 , 460 , 39 , 264 , 33 , 327 , 80 , 49 , 81 
5, 11 , 241 , 14 , 437 , 37 , 262 , 33 , 327 , 80 , 51 , 84 
5, 12 , 241 , 14 , 450 , 39 , 284 , 36 , 329 , 80 , 45 , 75 
5, 13 , 256 , 15 , 436 , 37 , 274 , 35 , 320 , 78 , 49 , 81 
5, 14 , 248 , 14 , 466 , 40 , 286 , 36 , 327 , 80 , 44 , 72 
5, 15 , 258 , 15 , 505 , 43 , 289 , 37 , 336 , 82 , 50 , 82 
5, 16 , 274 , 16 , 460 , 39 , 296 , 38 , 330 , 81 , 54 , 89 
5, 17 , 284 , 16 , 438 , 37 , 300 , 38 , 318 , 78 , 48 , 79 
5, 18 , 287 , 16 , 417 , 36 , 287 , 36 , 324 , 79 , 51 , 83 
5, 19 , 295 , 17 , 413 , 35 , 311 , 39 , 316 , 77 , 52 , 85 
5, 20 , 309 , 18 , 409 , 35 , 310 , 39 , 319 , 78 , 53 , 88 
5, 21 , 303 , 17 , 406 , 35 , 313 , 40 , 316 , 77 , 50 , 82 
5, 22 , 289 , 17 , 395 , 34 , 324 , 41 , 331 , 81 , 52 , 86 
5, 23 , 299 , 17 , 388 , 33 , 332 , 42 , 342 , 84 , 48 , 79 
5, 24 , 304 , 17 , 392 , 34 , 326 , 41 , 334 , 82 , 54 , 89 
5, 25 , 316 , 18 , 410 , 35 , 331 , 42 , 324 , 79 , 49 , 81 
5, 26 , 335 , 19 , 404 , 35 , 329 , 42 , 314 , 77 , 50 , 82 
5, 27 , 327 , 19 , 418 , 36 , 330 , 42 , 325 , 79 , 53 , 87 
5, 28 , 325 , 19 , 395 , 34 , 339 , 43 , 327 , 80 , 57 , 93 
5, 29 , 331 , 19 , 405 , 35 , 348 , 44 , 319 , 78 , 55 , 91 
5, 30 , 346 , 20 , 390 , 33 , 333 , 42 , 310 , 76 , 56 , 93 
5, 31 , 357 , 20 , 416 , 36 , 338 , 43 , 311 , 76 , 52 , 85 
5, 32 , 370 , 21 , 380 , 33 , 333 , 42 , 312 , 76 , 54 , 90 
5, 33 , 370 , 21 , 377 , 32 , 356 , 45 , 319 , 78 , 52 , 85 
5, 34 , 381 , 22 , 395 , 34 , 375 , 47 , 315 , 77 , 56 , 92 
5, 35 , 383 , 22 , 384 , 33 , 370 , 47 , 330 , 81 , 56 , 92 
5, 36 , 390 , 22 , 377 , 32 , 386 , 49 , 322 , 79 , 55 , 90 
5, 37 , 421 , 24 , 388 , 33 , 363 , 46 , 318 , 78 , 53 , 88 
5, 38 , 416 , 24 , 384 , 33 , 371 , 47 , 312 , 76 , 50 , 82 
5, 39 , 412 , 23 , 383 , 33 , 369 , 47 , 316 , 77 , 55 , 90 
5, 40 , 430 , 25 , 379 , 32 , 380 , 48 , 319 , 78 , 57 , 94 
5, 41 , 424 , 24 , 363 , 31 , 386 , 49 , 311 , 76 , 58 , 95 
5, 42 , 438 , 25 , 354 , 30 , 370 , 47 , 318 , 78 , 57 , 94 
5, 43 , 423 , 24 , 352 , 30 , 372 , 47 , 312 , 76 , 49 , 82 
5, 44 , 443 , 25 , 347 , 30 , 379 , 48 , 314 , 77 , 52 , 85 
5, 45 , 453 , 26 , 357 , 31 , 389 , 49 , 352 , 86 , 48 , 79 
5, 46 , 455 , 26 , 355 , 30 , 398 , 50 , 323 , 79 , 49 , 81 
5, 47 , 456 , 26 , 350 , 30 , 388 , 49 , 309 , 76 , 61 , 100 
5, 48 , 467 , 27 , 338 , 29 , 410 , 52 , 315 , 77 , 51 , 84 
5, 49 , 471 , 27 , 316 , 27 , 411 , 52 , 318 , 78 , 50 , 82 
5, 50 , 495 , 28 , 337 , 29 , 420 , 53 , 316 , 77 , 51 , 84 
5, 51 , 504 , 29 , 370 , 32 , 423 , 54 , 333 , 81 , 57 , 94 
5, 52 , 535 , 31 , 360 , 31 , 411 , 52 , 319 , 78 , 60 , 99 
5, 53 , 526 , 30 , 358 , 31 , 417 , 53 , 320 , 78 , 54 , 90 
5, 54 , 535 , 31 , 339 , 29 , 416 , 53 , 309 , 75 , 51 , 84 
5, 55 , 552 , 31 , 325 , 28 , 427 , 54 , 307 , 75 , 53 , 87 
5, 56 , 581 , 33 , 315 , 27 , 438 , 56 , 309 , 75 , 47 , 77 
5, 57 , 555 , 32 , 339 , 29 , 438 , 56 , 313 , 76 , 55 , 90 
5, 58 , 566 , 32 , 336 , 29 , 425 , 54 , 311 , 76 , 54 , 89 
5, 59 , 576 , 33 , 308 , 26 , 424 , 54 , 319 , 78 , 51 , 83 
6, -   , 602 , 34 , 324 , 28 , 429 , 54 , 312 , 76 , 50 , 82 
6, 1 , 599 , 34 , 393 , 34 , 463 , 59 , 350 , 86 , 49 , 80 
6, 2 , 621 , 35 , 389 , 33 , 469 , 59 , 351 , 86 , 49 , 81 
6, 3 , 636 , 36 , 366 , 31 , 466 , 59 , 328 , 80 , 47 , 78 
6, 4 , 647 , 37 , 387 , 33 , 479 , 61 , 337 , 82 , 50 , 83 
6, 5 , 656 , 37 , 380 , 33 , 485 , 61 , 339 , 83 , 47 , 78 
6, 6 , 652 , 37 , 366 , 31 , 479 , 61 , 321 , 78 , 49 , 81 
6, 7 , 671 , 38 , 350 , 30 , 488 , 62 , 327 , 80 , 50 , 83 
6, 8 , 674 , 38 , 330 , 28 , 494 , 63 , 318 , 78 , 55 , 90 
6, 9 , 671 , 38 , 319 , 27 , 508 , 64 , 307 , 75 , 48 , 80 
6, 10 , 698 , 40 , 313 , 27 , 492 , 62 , 314 , 77 , 44 , 73 
6, 11 , 704 , 40 , 297 , 25 , 508 , 64 , 313 , 76 , 52 , 85 
6, 12 , 718 , 41 , 294 , 25 , 515 , 65 , 311 , 76 , 54 , 89 
6, 13 , 737 , 42 , 300 , 26 , 504 , 64 , 305 , 74 , 55 , 90 
6, 14 , 743 , 42 , 317 , 27 , 513 , 65 , 308 , 75 , 51 , 83 
6, 15 , 770 , 44 , 336 , 29 , 529 , 67 , 326 , 80 , 52 , 85 
6, 16 , 788 , 45 , 327 , 28 , 528 , 67 , 321 , 78 , 52 , 86 
6, 17 , 792 , 45 , 300 , 26 , 534 , 68 , 311 , 76 , 54 , 89 
6, 18 , 797 , 45 , 291 , 25 , 529 , 67 , 313 , 76 , 56 , 92 
6, 19 , 818 , 47 , 305 , 26 , 505 , 64 , 300 , 73 , 56 , 93 
6, 20 , 815 , 46 , 286 , 24 , 514 , 65 , 319 , 78 , 53 , 88 
6, 21 , 845 , 48 , 296 , 25 , 551 , 70 , 327 , 80 , 47 , 77 
6, 22 , 855 , 49 , 284 , 24 , 561 , 71 , 333 , 81 , 53 , 87 
6, 23 , 891 , 51 , 294 , 25 , 555 , 70 , 338 , 82 , 56 , 93 
6, 24 , 897 , 51 , 273 , 23 , 570 , 72 , 329 , 80 , 61 , 100 
6, 25 , 910 , 52 , 301 , 26 , 559 , 71 , 329 , 80 , 57 , 94 
6, 26 , 896 , 51 , 290 , 25 , 570 , 72 , 322 , 79 , 56 , 92 
6, 27 , 912 , 52 , 297 , 25 , 564 , 71 , 318 , 78 , 58 , 95 
6, 28 , 920 , 52 , 288 , 25 , 566 , 72 , 327 , 80 , 52 , 85 
6, 29 , 906 , 52 , 289 , 25 , 561 , 71 , 316 , 77 , 50 , 83 
6, 30 , 960 , 55 , 283 , 24 , 566 , 72 , 310 , 76 , 51 , 83 
6, 31 , 962 , 55 , 277 , 24 , 575 , 73 , 320 , 78 , 50 , 82 
6, 32 , 950 , 54 , 273 , 23 , 580 , 73 , 338 , 83 , 55 , 91 
6, 33 , 951 , 54 , 280 , 24 , 573 , 73 , 333 , 81 , 61 , 100 
6, 34 , 999 , 57 , 285 , 24 , 581 , 74 , 325 , 79 , 50 , 83 
6, 35 ," 1,000 ", 57 , 278 , 24 , 578 , 73 , 323 , 79 , 55 , 91 
6, 36 ," 1,006 ", 57 , 263 , 23 , 595 , 75 , 321 , 78 , 54 , 89 
6, 37 ," 1,033 ", 59 , 261 , 22 , 586 , 74 , 323 , 79 , 55 , 90 
6, 38 ," 1,058 ", 60 , 311 , 27 , 581 , 74 , 323 , 79 , 52 , 85 
6, 39 ," 1,075 ", 61 , 270 , 23 , 596 , 76 , 312 , 76 , 55 , 90 
6, 40 ," 1,076 ", 61 , 293 , 25 , 589 , 75 , 317 , 77 , 54 , 90 
6, 41 ," 1,095 ", 62 , 266 , 23 , 592 , 75 , 333 , 81 , 53 , 88 
6, 42 ," 1,085 ", 62 , 255 , 22 , 591 , 75 , 324 , 79 , 56 , 93 
6, 43 ," 1,115 ", 64 , 259 , 22 , 602 , 76 , 331 , 81 , 55 , 91 
6, 44 ," 1,112 ", 63 , 261 , 22 , 607 , 77 , 331 , 81 , 52 , 86 
6, 45 ," 1,126 ", 64 , 256 , 22 , 620 , 79 , 355 , 87 , 50 , 82 
6, 46 ," 1,115 ", 64 , 268 , 23 , 616 , 78 , 334 , 82 , 55 , 90 
6, 47 ," 1,156 ", 66 , 266 , 23 , 642 , 81 , 328 , 80 , 52 , 86 
6, 48 ," 1,108 ", 63 , 242 , 21 , 616 , 78 , 335 , 82 , 56 , 92 
6, 49 ," 1,159 ", 66 , 236 , 20 , 625 , 79 , 327 , 80 , 50 , 82 
6, 50 ," 1,143 ", 65 , 244 , 21 , 635 , 81 , 325 , 79 , 54 , 89 
6, 51 ," 1,173 ", 67 , 280 , 24 , 658 , 83 , 341 , 83 , 56 , 93 
6, 52 ," 1,179 ", 67 , 272 , 23 , 654 , 83 , 338 , 82 , 57 , 94 
6, 53 ," 1,205 ", 69 , 261 , 22 , 645 , 82 , 330 , 80 , 56 , 93 
6, 54 ," 1,225 ", 70 , 252 , 22 , 664 , 84 , 326 , 80 , 53 , 87 
6, 55 ," 1,183 ", 67 , 243 , 21 , 655 , 83 , 315 , 77 , 50 , 82 
6, 56 ," 1,220 ", 70 , 240 , 21 , 664 , 84 , 316 , 77 , 53 , 87 
6, 57 ," 1,232 ", 70 , 247 , 21 , 663 , 84 , 318 , 78 , 54 , 89 
6, 58 ," 1,217 ", 69 , 243 , 21 , 661 , 84 , 326 , 80 , 50 , 82 
6, 59 ," 1,251 ", 71 , 230 , 20 , 638 , 81 , 315 , 77 , 53 , 87 
7, -   ," 1,258 ", 72 , 248 , 21 , 648 , 82 , 304 , 74 , 48 , 80 
7, 1 ," 1,252 ", 71 , 288 , 25 , 666 , 84 , 327 , 80 , 60 , 99 
7, 2 ," 1,277 ", 73 , 301 , 26 , 666 , 84 , 331 , 81 , 55 , 91 
7, 3 ," 1,276 ", 73 , 297 , 25 , 654 , 83 , 334 , 81 , 51 , 83 
7, 4 ," 1,301 ", 74 , 287 , 25 , 663 , 84 , 325 , 79 , 45 , 74 
7, 5 ," 1,284 ", 73 , 270 , 23 , 683 , 86 , 329 , 80 , 49 , 81 
7, 6 ," 1,294 ", 74 , 273 , 23 , 650 , 82 , 322 , 79 , 43 , 70 
7, 7 ," 1,293 ", 74 , 246 , 21 , 674 , 85 , 309 , 76 , 45 , 75 
7, 8 ," 1,322 ", 75 , 242 , 21 , 675 , 86 , 305 , 74 , 47 , 78 
7, 9 ," 1,320 ", 75 , 241 , 21 , 663 , 84 , 316 , 77 , 44 , 72 
7, 10 ," 1,346 ", 77 , 237 , 20 , 667 , 85 , 310 , 76 , 55 , 90 
7, 11 ," 1,356 ", 77 , 231 , 20 , 689 , 87 , 305 , 74 , 53 , 88 
7, 12 ," 1,366 ", 78 , 222 , 19 , 672 , 85 , 314 , 77 , 51 , 84 
7, 13 ," 1,365 ", 78 , 217 , 19 , 669 , 85 , 313 , 76 , 52 , 86 
7, 14 ," 1,373 ", 78 , 237 , 20 , 691 , 88 , 315 , 77 , 54 , 89 
7, 15 ," 1,388 ", 79 , 243 , 21 , 686 , 87 , 325 , 79 , 50 , 83 
7, 16 ," 1,388 ", 79 , 240 , 21 , 687 , 87 , 320 , 78 , 51 , 83 
7, 17 ," 1,376 ", 78 , 220 , 19 , 687 , 87 , 317 , 77 , 45 , 74 
7, 18 ," 1,405 ", 80 , 210 , 18 , 699 , 89 , 320 , 78 , 51 , 84 
7, 19 ," 1,416 ", 81 , 209 , 18 , 687 , 87 , 302 , 74 , 50 , 83 
7, 20 ," 1,412 ", 81 , 214 , 18 , 700 , 89 , 303 , 74 , 50 , 82 
7, 21 ," 1,440 ", 82 , 205 , 18 , 691 , 88 , 313 , 76 , 49 , 80 
7, 22 ," 1,437 ", 82 , 219 , 19 , 711 , 90 , 306 , 75 , 53 , 87 
7, 23 ," 1,455 ", 83 , 238 , 20 , 709 , 90 , 314 , 77 , 58 , 95 
7, 24 ," 1,464 ", 83 , 207 , 18 , 705 , 89 , 303 , 74 , 51 , 85 
7, 25 ," 1,510 ", 86 , 211 , 18 , 702 , 89 , 304 , 74 , 47 , 78 
7, 26 ," 1,472 ", 84 , 216 , 19 , 726 , 92 , 309 , 76 , 54 , 89 
7, 27 ," 1,487 ", 85 , 217 , 19 , 712 , 90 , 319 , 78 , 54 , 89 
7, 28 ," 1,507 ", 86 , 209 , 18 , 692 , 88 , 313 , 76 , 47 , 78 
7, 29 ," 1,482 ", 85 , 205 , 18 , 691 , 88 , 323 , 79 , 53 , 87 
7, 30 ," 1,532 ", 87 , 210 , 18 , 737 , 93 , 303 , 74 , 51 , 84 
7, 31 ," 1,537 ", 88 , 195 , 17 , 705 , 89 , 314 , 77 , 56 , 92 
7, 32 ," 1,519 ", 87 , 201 , 17 , 691 , 88 , 318 , 78 , 53 , 87 
7, 33 ," 1,498 ", 85 , 212 , 18 , 699 , 89 , 316 , 77 , 50 , 83 
7, 34 ," 1,497 ", 85 , 209 , 18 , 692 , 88 , 307 , 75 , 54 , 90 
7, 35 ," 1,507 ", 86 , 219 , 19 , 697 , 88 , 313 , 76 , 52 , 86 
7, 36 ," 1,523 ", 87 , 201 , 17 , 698 , 88 , 308 , 75 , 56 , 93 
7, 37 ," 1,542 ", 88 , 194 , 17 , 702 , 89 , 305 , 74 , 49 , 80 
7, 38 ," 1,552 ", 89 , 218 , 19 , 717 , 91 , 308 , 75 , 54 , 89 
7, 39 ," 1,566 ", 89 , 210 , 18 , 727 , 92 , 308 , 75 , 53 , 88 
7, 40 ," 1,569 ", 89 , 205 , 18 , 701 , 89 , 317 , 77 , 54 , 89 
7, 41 ," 1,560 ", 89 , 203 , 17 , 682 , 86 , 301 , 74 , 52 , 86 
7, 42 ," 1,608 ", 92 , 203 , 17 , 708 , 90 , 309 , 75 , 48 , 79 
7, 43 ," 1,588 ", 91 , 193 , 17 , 697 , 88 , 310 , 76 , 54 , 89 
7, 44 ," 1,632 ", 93 , 200 , 17 , 720 , 91 , 296 , 72 , 45 , 75 
7, 45 ," 1,616 ", 92 , 207 , 18 , 726 , 92 , 349 , 85 , 54 , 88 
7, 46 ," 1,578 ", 90 , 195 , 17 , 735 , 93 , 303 , 74 , 54 , 89 
7, 47 ," 1,600 ", 91 , 196 , 17 , 744 , 94 , 316 , 77 , 53 , 88 
7, 48 ," 1,627 ", 93 , 184 , 16 , 726 , 92 , 316 , 77 , 49 , 80 
7, 49 ," 1,620 ", 92 , 176 , 15 , 725 , 92 , 314 , 77 , 58 , 95 
7, 50 ," 1,615 ", 92 , 189 , 16 , 731 , 93 , 295 , 72 , 51 , 84 
7, 51 ," 1,603 ", 91 , 199 , 17 , 743 , 94 , 324 , 79 , 54 , 89 
7, 52 ," 1,612 ", 92 , 192 , 16 , 731 , 93 , 312 , 76 , 51 , 84 
7, 53 ," 1,631 ", 93 , 188 , 16 , 752 , 95 , 313 , 77 , 52 , 86 
7, 54 ," 1,608 ", 92 , 185 , 16 , 738 , 94 , 307 , 75 , 52 , 86 
7, 55 ," 1,623 ", 93 , 179 , 15 , 748 , 95 , 302 , 74 , 55 , 90 
7, 56 ," 1,615 ", 92 , 180 , 15 , 751 , 95 , 309 , 75 , 51 , 84 
7, 57 ," 1,599 ", 91 , 193 , 17 , 770 , 98 , 325 , 79 , 56 , 92 
7, 58 ," 1,595 ", 91 , 186 , 16 , 733 , 93 , 322 , 79 , 54 , 89 
7, 59 ," 1,586 ", 90 , 191 , 16 , 731 , 93 , 311 , 76 , 53 , 88 
8, -   ," 1,580 ", 90 , 199 , 17 , 735 , 93 , 312 , 76 , 48 , 79 
8, 1 ," 1,580 ", 90 , 217 , 19 , 752 , 95 , 336 , 82 , 52 , 86 
8, 2 ," 1,608 ", 92 , 225 , 19 , 747 , 95 , 336 , 82 , 48 , 78 
8, 3 ," 1,629 ", 93 , 215 , 18 , 741 , 94 , 337 , 82 , 48 , 80 
8, 4 ," 1,599 ", 91 , 224 , 19 , 746 , 95 , 333 , 81 , 52 , 86 
8, 5 ," 1,565 ", 89 , 228 , 20 , 749 , 95 , 341 , 83 , 60 , 99 
8, 6 ," 1,631 ", 93 , 214 , 18 , 756 , 96 , 328 , 80 , 58 , 95 
8, 7 ," 1,600 ", 91 , 194 , 17 , 729 , 92 , 318 , 78 , 55 , 91 
8, 8 ," 1,626 ", 93 , 196 , 17 , 741 , 94 , 313 , 76 , 54 , 89 
8, 9 ," 1,632 ", 93 , 180 , 15 , 746 , 95 , 304 , 74 , 55 , 90 
8, 10 ," 1,660 ", 95 , 202 , 17 , 740 , 94 , 299 , 73 , 51 , 84 
8, 11 ," 1,640 ", 94 , 192 , 16 , 741 , 94 , 306 , 75 , 49 , 81 
8, 12 ," 1,676 ", 96 , 186 , 16 , 736 , 93 , 305 , 74 , 49 , 80 
8, 13 ," 1,680 ", 96 , 179 , 15 , 783 , 99 , 307 , 75 , 52 , 86 
8, 14 ," 1,676 ", 96 , 189 , 16 , 760 , 96 , 316 , 77 , 55 , 91 
8, 15 ," 1,675 ", 96 , 196 , 17 , 789 , 100 , 336 , 82 , 51 , 84 
8, 16 ," 1,697 ", 97 , 184 , 16 , 768 , 97 , 335 , 82 , 47 , 78 
8, 17 ," 1,701 ", 97 , 186 , 16 , 771 , 98 , 320 , 78 , 58 , 95 
8, 18 ," 1,673 ", 95 , 177 , 15 , 755 , 96 , 318 , 78 , 56 , 93 
8, 19 ," 1,666 ", 95 , 174 , 15 , 747 , 95 , 322 , 79 , 51 , 84 
8, 20 ," 1,690 ", 96 , 178 , 15 , 742 , 94 , 310 , 76 , 57 , 93 
8, 21 ," 1,700 ", 97 , 177 , 15 , 747 , 95 , 308 , 75 , 58 , 96 
8, 22 ," 1,712 ", 98 , 171 , 15 , 735 , 93 , 293 , 71 , 47 , 78 
8, 23 ," 1,747 ", 100 , 204 , 17 , 773 , 98 , 327 , 80 , 49 , 81 
8, 24 ," 1,706 ", 97 , 164 , 14 , 737 , 93 , 296 , 72 , 51 , 84 
8, 25 ," 1,713 ", 98 , 180 , 15 , 749 , 95 , 325 , 79 , 52 , 86 
8, 26 ," 1,744 ", 99 , 179 , 15 , 758 , 96 , 314 , 77 , 47 , 78 
8, 27 ," 1,723 ", 98 , 177 , 15 , 775 , 98 , 314 , 77 , 52 , 85 
8, 28 ," 1,725 ", 98 , 179 , 15 , 755 , 96 , 321 , 78 , 52 , 86 
8, 29 ," 1,753 ", 100 , 162 , 14 , 734 , 93 , 295 , 72 , 53 , 87 
8, 30 ," 1,683 ", 96 , 167 , 14 , 732 , 93 , 299 , 73 , 53 , 87 
8, 31 ," 1,721 ", 98 , 175 , 15 , 734 , 93 , 309 , 76 , 51 , 84 
8, 32 ," 1,685 ", 96 , 191 , 16 , 717 , 91 , 314 , 77 , 53 , 88 
8, 33 ," 1,687 ", 96 , 187 , 16 , 727 , 92 , 311 , 76 , 52 , 85 
8, 34 ," 1,679 ", 96 , 184 , 16 , 719 , 91 , 307 , 75 , 48 , 79 
8, 35 ," 1,695 ", 97 , 182 , 16 , 706 , 90 , 321 , 78 , 50 , 82 
8, 36 ," 1,690 ", 96 , 173 , 15 , 729 , 92 , 306 , 75 , 54 , 90 
8, 37 ," 1,713 ", 98 , 172 , 15 , 716 , 91 , 311 , 76 , 48 , 79 
8, 38 ," 1,687 ", 96 , 173 , 15 , 705 , 89 , 314 , 77 , 50 , 82 
8, 39 ," 1,683 ", 96 , 186 , 16 , 726 , 92 , 318 , 78 , 56 , 93 
8, 40 ," 1,667 ", 95 , 201 , 17 , 732 , 93 , 307 , 75 , 47 , 77 
8, 41 ," 1,687 ", 96 , 186 , 16 , 708 , 90 , 305 , 75 , 47 , 78 
8, 42 ," 1,673 ", 95 , 171 , 15 , 722 , 91 , 299 , 73 , 49 , 81 
8, 43 ," 1,668 ", 95 , 172 , 15 , 720 , 91 , 310 , 76 , 45 , 74 
8, 44 ," 1,661 ", 95 , 167 , 14 , 743 , 94 , 304 , 74 , 45 , 74 
8, 45 ," 1,694 ", 97 , 170 , 15 , 751 , 95 , 348 , 85 , 52 , 85 
8, 46 ," 1,682 ", 96 , 177 , 15 , 765 , 97 , 321 , 78 , 55 , 90 
8, 47 ," 1,669 ", 95 , 174 , 15 , 736 , 93 , 314 , 77 , 46 , 77 
8, 48 ," 1,683 ", 96 , 178 , 15 , 709 , 90 , 314 , 77 , 53 , 87 
8, 49 ," 1,664 ", 95 , 177 , 15 , 715 , 91 , 298 , 73 , 49 , 80 
8, 50 ," 1,642 ", 94 , 180 , 15 , 718 , 91 , 304 , 74 , 50 , 83 
8, 51 ," 1,620 ", 92 , 183 , 16 , 755 , 96 , 322 , 79 , 52 , 86 
8, 52 ," 1,640 ", 94 , 184 , 16 , 725 , 92 , 325 , 79 , 50 , 83 
8, 53 ," 1,618 ", 92 , 178 , 15 , 764 , 97 , 321 , 78 , 48 , 79 
8, 54 ," 1,624 ", 93 , 195 , 17 , 733 , 93 , 311 , 76 , 52 , 85 
8, 55 ," 1,614 ", 92 , 187 , 16 , 753 , 95 , 322 , 79 , 52 , 86 
8, 56 ," 1,599 ", 91 , 184 , 16 , 717 , 91 , 313 , 76 , 47 , 78 
8, 57 ," 1,631 ", 93 , 183 , 16 , 724 , 92 , 316 , 77 , 49 , 80 
8, 58 ," 1,621 ", 92 , 181 , 15 , 718 , 91 , 322 , 79 , 49 , 80 
8, 59 ," 1,616 ", 92 , 168 , 14 , 711 , 90 , 300 , 73 , 56 , 93 
9, -   ," 1,607 ", 92 , 186 , 16 , 728 , 92 , 303 , 74 , 48 , 80 
9, 1 ," 1,597 ", 91 , 199 , 17 , 774 , 98 , 335 , 82 , 49 , 81 
9, 2 ," 1,611 ", 92 , 208 , 18 , 767 , 97 , 345 , 84 , 53 , 87 
9, 3 ," 1,588 ", 91 , 206 , 18 , 736 , 93 , 325 , 79 , 52 , 85 
9, 4 ," 1,572 ", 90 , 212 , 18 , 718 , 91 , 323 , 79 , 49 , 80 
9, 5 ," 1,569 ", 89 , 219 , 19 , 747 , 95 , 335 , 82 , 50 , 83 
9, 6 ," 1,564 ", 89 , 212 , 18 , 711 , 90 , 323 , 79 , 51 , 84 
9, 7 ," 1,587 ", 91 , 206 , 18 , 698 , 88 , 309 , 75 , 48 , 78 
9, 8 ," 1,592 ", 91 , 206 , 18 , 724 , 92 , 314 , 77 , 51 , 85 
9, 9 ," 1,565 ", 89 , 193 , 17 , 699 , 89 , 316 , 77 , 52 , 86 
9, 10 ," 1,566 ", 89 , 207 , 18 , 681 , 86 , 313 , 77 , 49 , 81 
9, 11 ," 1,544 ", 88 , 195 , 17 , 684 , 87 , 321 , 78 , 52 , 85 
9, 12 ," 1,542 ", 88 , 190 , 16 , 683 , 86 , 309 , 75 , 52 , 85 
9, 13 ," 1,531 ", 87 , 205 , 18 , 670 , 85 , 317 , 77 , 57 , 93 
9, 14 ," 1,548 ", 88 , 213 , 18 , 677 , 86 , 320 , 78 , 52 , 85 
9, 15 ," 1,508 ", 86 , 202 , 17 , 699 , 89 , 330 , 80 , 50 , 82 
9, 16 ," 1,525 ", 87 , 208 , 18 , 696 , 88 , 318 , 78 , 48 , 79 
9, 17 ," 1,521 ", 87 , 211 , 18 , 653 , 83 , 317 , 77 , 50 , 82 
9, 18 ," 1,522 ", 87 , 194 , 17 , 684 , 87 , 317 , 77 , 49 , 81 
9, 19 ," 1,484 ", 85 , 190 , 16 , 664 , 84 , 297 , 73 , 44 , 72 
9, 20 ," 1,490 ", 85 , 201 , 17 , 654 , 83 , 305 , 75 , 43 , 72 
9, 21 ," 1,523 ", 87 , 191 , 16 , 667 , 84 , 300 , 73 , 49 , 81 
9, 22 ," 1,482 ", 85 , 208 , 18 , 661 , 84 , 306 , 75 , 48 , 78 
9, 23 ," 1,460 ", 83 , 199 , 17 , 668 , 85 , 314 , 77 , 50 , 82 
9, 24 ," 1,474 ", 84 , 194 , 17 , 658 , 83 , 310 , 76 , 54 , 90 
9, 25 ," 1,485 ", 85 , 200 , 17 , 643 , 81 , 311 , 76 , 52 , 86 
9, 26 ," 1,468 ", 84 , 201 , 17 , 691 , 88 , 306 , 75 , 52 , 85 
9, 27 ," 1,513 ", 86 , 202 , 17 , 683 , 87 , 307 , 75 , 51 , 83 
9, 28 ," 1,490 ", 85 , 195 , 17 , 655 , 83 , 303 , 74 , 49 , 81 
9, 29 ," 1,465 ", 84 , 204 , 17 , 652 , 83 , 307 , 75 , 51 , 85 
9, 30 ," 1,444 ", 82 , 199 , 17 , 656 , 83 , 303 , 74 , 54 , 90 
9, 31 ," 1,432 ", 82 , 206 , 18 , 636 , 81 , 311 , 76 , 50 , 82 
9, 32 ," 1,455 ", 83 , 205 , 18 , 640 , 81 , 301 , 74 , 49 , 81 
9, 33 ," 1,419 ", 81 , 219 , 19 , 660 , 84 , 287 , 70 , 44 , 72 
9, 34 ," 1,437 ", 82 , 218 , 19 , 632 , 80 , 296 , 72 , 48 , 79 
9, 35 ," 1,445 ", 82 , 216 , 18 , 669 , 85 , 304 , 74 , 51 , 83 
9, 36 ," 1,454 ", 83 , 226 , 19 , 662 , 84 , 304 , 74 , 48 , 79 
9, 37 ," 1,396 ", 80 , 237 , 20 , 651 , 82 , 293 , 72 , 48 , 80 
9, 38 ," 1,387 ", 79 , 231 , 20 , 649 , 82 , 281 , 69 , 49 , 80 
9, 39 ," 1,375 ", 78 , 236 , 20 , 650 , 82 , 290 , 71 , 45 , 74 
9, 40 ," 1,352 ", 77 , 231 , 20 , 622 , 79 , 300 , 73 , 43 , 71 
9, 41 ," 1,387 ", 79 , 231 , 20 , 605 , 77 , 295 , 72 , 43 , 71 
9, 42 ," 1,376 ", 78 , 225 , 19 , 608 , 77 , 286 , 70 , 43 , 70 
9, 43 ," 1,352 ", 77 , 214 , 18 , 617 , 78 , 293 , 72 , 46 , 77 
9, 44 ," 1,348 ", 77 , 219 , 19 , 626 , 79 , 290 , 71 , 48 , 80 
9, 45 ," 1,326 ", 76 , 238 , 20 , 629 , 80 , 334 , 82 , 49 , 80 
9, 46 ," 1,308 ", 75 , 233 , 20 , 646 , 82 , 293 , 72 , 48 , 80 
9, 47 ," 1,304 ", 74 , 229 , 20 , 623 , 79 , 281 , 69 , 49 , 81 
9, 48 ," 1,314 ", 75 , 214 , 18 , 648 , 82 , 291 , 71 , 49 , 81 
9, 49 ," 1,294 ", 74 , 229 , 20 , 610 , 77 , 282 , 69 , 52 , 85 
9, 50 ," 1,297 ", 74 , 218 , 19 , 593 , 75 , 281 , 68 , 52 , 86 
9, 51 ," 1,296 ", 74 , 234 , 20 , 607 , 77 , 316 , 77 , 48 , 79 
9, 52 ," 1,286 ", 73 , 242 , 21 , 588 , 75 , 285 , 70 , 48 , 79 
9, 53 ," 1,289 ", 74 , 234 , 20 , 589 , 75 , 291 , 71 , 51 , 83 
9, 54 ," 1,266 ", 72 , 236 , 20 , 603 , 76 , 271 , 66 , 50 , 82 
9, 55 ," 1,241 ", 71 , 225 , 19 , 594 , 75 , 271 , 66 , 47 , 78 
9, 56 ," 1,266 ", 72 , 230 , 20 , 600 , 76 , 266 , 65 , 48 , 79 
9, 57 ," 1,255 ", 72 , 255 , 22 , 603 , 76 , 284 , 69 , 43 , 70 
9, 58 ," 1,250 ", 71 , 258 , 22 , 590 , 75 , 279 , 68 , 45 , 73 
9, 59 ," 1,223 ", 70 , 260 , 22 , 587 , 74 , 274 , 67 , 49 , 80 
10, -   ," 1,209 ", 69 , 259 , 22 , 577 , 73 , 267 , 65 , 42 , 69 
10, 1 ," 1,235 ", 70 , 281 , 24 , 627 , 79 , 283 , 69 , 47 , 77 
10, 2 ," 1,242 ", 71 , 295 , 25 , 602 , 76 , 304 , 74 , 47 , 77 
10, 3 ," 1,221 ", 70 , 291 , 25 , 603 , 76 , 293 , 72 , 45 , 73 
10, 4 ," 1,201 ", 68 , 298 , 26 , 618 , 78 , 298 , 73 , 49 , 81 
10, 5 ," 1,195 ", 68 , 294 , 25 , 618 , 78 , 301 , 73 , 46 , 76 
10, 6 ," 1,212 ", 69 , 304 , 26 , 620 , 79 , 278 , 68 , 45 , 75 
10, 7 ," 1,195 ", 68 , 283 , 24 , 605 , 77 , 280 , 68 , 48 , 79 
10, 8 ," 1,206 ", 69 , 298 , 26 , 583 , 74 , 282 , 69 , 49 , 80 
10, 9 ," 1,205 ", 69 , 286 , 25 , 583 , 74 , 289 , 71 , 44 , 73 
10, 10 ," 1,208 ", 69 , 286 , 24 , 578 , 73 , 299 , 73 , 45 , 75 
10, 11 ," 1,184 ", 68 , 285 , 24 , 588 , 74 , 288 , 70 , 50 , 82 
10, 12 ," 1,203 ", 69 , 287 , 25 , 573 , 73 , 289 , 71 , 50 , 82 
10, 13 ," 1,222 ", 70 , 280 , 24 , 592 , 75 , 297 , 72 , 50 , 82 
10, 14 ," 1,211 ", 69 , 308 , 26 , 593 , 75 , 294 , 72 , 49 , 80 
10, 15 ," 1,243 ", 71 , 303 , 26 , 643 , 81 , 301 , 73 , 46 , 76 
10, 16 ," 1,222 ", 70 , 301 , 26 , 625 , 79 , 300 , 73 , 49 , 81 
10, 17 ," 1,215 ", 69 , 301 , 26 , 599 , 76 , 293 , 71 , 49 , 80 
10, 18 ," 1,209 ", 69 , 303 , 26 , 617 , 78 , 286 , 70 , 53 , 87 
10, 19 ," 1,237 ", 71 , 309 , 27 , 598 , 76 , 283 , 69 , 48 , 79 
10, 20 ," 1,184 ", 68 , 307 , 26 , 621 , 79 , 277 , 68 , 40 , 67 
10, 21 ," 1,225 ", 70 , 308 , 26 , 602 , 76 , 284 , 69 , 48 , 79 
10, 22 ," 1,185 ", 68 , 312 , 27 , 602 , 76 , 283 , 69 , 45 , 75 
10, 23 ," 1,218 ", 69 , 317 , 27 , 582 , 74 , 274 , 67 , 45 , 74 
10, 24 ," 1,217 ", 69 , 320 , 27 , 590 , 75 , 273 , 67 , 44 , 72 
10, 25 ," 1,196 ", 68 , 332 , 28 , 584 , 74 , 282 , 69 , 49 , 81 
10, 26 ," 1,197 ", 68 , 340 , 29 , 604 , 77 , 285 , 70 , 50 , 83 
10, 27 ," 1,191 ", 68 , 345 , 30 , 629 , 80 , 292 , 71 , 54 , 88 
10, 28 ," 1,198 ", 68 , 356 , 31 , 607 , 77 , 288 , 70 , 51 , 84 
10, 29 ," 1,210 ", 69 , 351 , 30 , 597 , 76 , 284 , 69 , 47 , 77 
10, 30 ," 1,190 ", 68 , 366 , 31 , 601 , 76 , 292 , 71 , 43 , 71 
10, 31 ," 1,185 ", 68 , 370 , 32 , 591 , 75 , 276 , 67 , 48 , 79 
10, 32 ," 1,182 ", 67 , 372 , 32 , 585 , 74 , 277 , 68 , 49 , 81 
10, 33 ," 1,192 ", 68 , 374 , 32 , 602 , 76 , 280 , 68 , 51 , 83 
10, 34 ," 1,167 ", 67 , 379 , 32 , 587 , 74 , 280 , 68 , 51 , 84 
10, 35 ," 1,169 ", 67 , 376 , 32 , 587 , 74 , 282 , 69 , 47 , 77 
10, 36 ," 1,190 ", 68 , 368 , 32 , 593 , 75 , 270 , 66 , 49 , 81 
10, 37 ," 1,200 ", 68 , 382 , 33 , 587 , 74 , 275 , 67 , 51 , 85 
10, 38 ," 1,183 ", 67 , 387 , 33 , 594 , 75 , 275 , 67 , 46 , 76 
10, 39 ," 1,171 ", 67 , 393 , 34 , 595 , 75 , 276 , 67 , 49 , 80 
10, 40 ," 1,189 ", 68 , 405 , 35 , 579 , 73 , 279 , 68 , 49 , 81 
10, 41 ," 1,179 ", 67 , 415 , 36 , 600 , 76 , 284 , 69 , 46 , 75 
10, 42 ," 1,167 ", 67 , 399 , 34 , 584 , 74 , 268 , 65 , 48 , 79 
10, 43 ," 1,151 ", 66 , 390 , 33 , 587 , 74 , 284 , 69 , 44 , 73 
10, 44 ," 1,164 ", 66 , 413 , 35 , 591 , 75 , 282 , 69 , 45 , 75 
10, 45 ," 1,178 ", 67 , 438 , 38 , 603 , 76 , 317 , 77 , 48 , 80 
10, 46 ," 1,158 ", 66 , 444 , 38 , 605 , 77 , 279 , 68 , 46 , 76 
10, 47 ," 1,171 ", 67 , 429 , 37 , 602 , 76 , 271 , 66 , 51 , 84 
10, 48 ," 1,156 ", 66 , 434 , 37 , 588 , 74 , 273 , 67 , 50 , 82 
10, 49 ," 1,179 ", 67 , 429 , 37 , 564 , 71 , 270 , 66 , 46 , 76 
10, 50 ," 1,183 ", 67 , 439 , 38 , 585 , 74 , 269 , 66 , 48 , 79 
10, 51 ," 1,183 ", 67 , 448 , 38 , 608 , 77 , 290 , 71 , 53 , 88 
10, 52 ," 1,208 ", 69 , 432 , 37 , 587 , 74 , 285 , 70 , 56 , 92 
10, 53 ," 1,198 ", 68 , 446 , 38 , 620 , 79 , 270 , 66 , 49 , 81 
10, 54 ," 1,163 ", 66 , 448 , 38 , 616 , 78 , 279 , 68 , 49 , 80 
10, 55 ," 1,165 ", 66 , 448 , 38 , 587 , 74 , 274 , 67 , 47 , 78 
10, 56 ," 1,184 ", 68 , 433 , 37 , 576 , 73 , 277 , 68 , 51 , 83 
10, 57 ," 1,189 ", 68 , 463 , 40 , 597 , 76 , 276 , 67 , 46 , 75 
10, 58 ," 1,189 ", 68 , 463 , 40 , 583 , 74 , 282 , 69 , 46 , 76 
10, 59 ," 1,162 ", 66 , 460 , 39 , 566 , 72 , 289 , 71 , 47 , 77 
11, -   ," 1,169 ", 67 , 471 , 40 , 571 , 72 , 277 , 68 , 47 , 77 
11, 1 ," 1,177 ", 67 , 503 , 43 , 686 , 87 , 303 , 74 , 46 , 75 
11, 2 ," 1,174 ", 67 , 515 , 44 , 644 , 82 , 303 , 74 , 47 , 78 
11, 3 ," 1,160 ", 66 , 530 , 45 , 610 , 77 , 297 , 73 , 50 , 82 
11, 4 ," 1,155 ", 66 , 538 , 46 , 657 , 83 , 313 , 76 , 49 , 81 
11, 5 ," 1,182 ", 67 , 533 , 46 , 626 , 79 , 297 , 73 , 50 , 83 
11, 6 ," 1,182 ", 67 , 533 , 46 , 604 , 77 , 299 , 73 , 50 , 83 
11, 7 ," 1,150 ", 66 , 535 , 46 , 569 , 72 , 292 , 71 , 49 , 81 
11, 8 ," 1,152 ", 66 , 508 , 44 , 579 , 73 , 266 , 65 , 47 , 77 
11, 9 ," 1,148 ", 65 , 504 , 43 , 565 , 72 , 278 , 68 , 49 , 81 
11, 10 ," 1,153 ", 66 , 523 , 45 , 588 , 75 , 264 , 65 , 44 , 73 
11, 11 ," 1,135 ", 65 , 511 , 44 , 582 , 74 , 267 , 65 , 43 , 71 
11, 12 ," 1,158 ", 66 , 523 , 45 , 601 , 76 , 271 , 66 , 52 , 86 
11, 13 ," 1,127 ", 64 , 545 , 47 , 594 , 75 , 278 , 68 , 46 , 76 
11, 14 ," 1,163 ", 66 , 558 , 48 , 575 , 73 , 289 , 71 , 44 , 73 
11, 15 ," 1,144 ", 65 , 558 , 48 , 643 , 81 , 284 , 69 , 46 , 76 
11, 16 ," 1,150 ", 66 , 555 , 48 , 575 , 73 , 287 , 70 , 45 , 74 
11, 17 ," 1,137 ", 65 , 570 , 49 , 558 , 71 , 280 , 68 , 48 , 79 
11, 18 ," 1,147 ", 65 , 557 , 48 , 560 , 71 , 282 , 69 , 46 , 76 
11, 19 ," 1,138 ", 65 , 560 , 48 , 558 , 71 , 267 , 65 , 47 , 77 
11, 20 ," 1,114 ", 64 , 579 , 50 , 543 , 69 , 269 , 66 , 47 , 78 
11, 21 ," 1,148 ", 65 , 575 , 49 , 561 , 71 , 275 , 67 , 47 , 78 
11, 22 ," 1,122 ", 64 , 587 , 50 , 561 , 71 , 269 , 66 , 48 , 79 
11, 23 ," 1,159 ", 66 , 605 , 52 , 585 , 74 , 279 , 68 , 46 , 76 
11, 24 ," 1,145 ", 65 , 585 , 50 , 548 , 69 , 270 , 66 , 49 , 80 
11, 25 ," 1,149 ", 66 , 592 , 51 , 540 , 68 , 271 , 66 , 53 , 88 
11, 26 ," 1,163 ", 66 , 605 , 52 , 548 , 69 , 278 , 68 , 53 , 87 
11, 27 ," 1,165 ", 66 , 609 , 52 , 585 , 74 , 281 , 69 , 53 , 87 
11, 28 ," 1,161 ", 66 , 619 , 53 , 549 , 70 , 282 , 69 , 48 , 80 
11, 29 ," 1,161 ", 66 , 613 , 53 , 540 , 68 , 264 , 65 , 50 , 83 
11, 30 ," 1,152 ", 66 , 614 , 53 , 549 , 70 , 269 , 66 , 50 , 82 
11, 31 ," 1,125 ", 64 , 622 , 53 , 534 , 68 , 275 , 67 , 47 , 78 
11, 32 ," 1,109 ", 63 , 627 , 54 , 543 , 69 , 272 , 67 , 45 , 75 
11, 33 ," 1,156 ", 66 , 624 , 53 , 549 , 70 , 273 , 67 , 46 , 77 
11, 34 ," 1,146 ", 65 , 643 , 55 , 558 , 71 , 270 , 66 , 49 , 81 
11, 35 ," 1,159 ", 66 , 630 , 54 , 537 , 68 , 266 , 65 , 46 , 76 
11, 36 ," 1,134 ", 65 , 644 , 55 , 552 , 70 , 270 , 66 , 48 , 79 
11, 37 ," 1,139 ", 65 , 640 , 55 , 543 , 69 , 267 , 65 , 55 , 91 
11, 38 ," 1,136 ", 65 , 656 , 56 , 550 , 70 , 277 , 68 , 53 , 87 
11, 39 ," 1,140 ", 65 , 672 , 58 , 549 , 70 , 282 , 69 , 53 , 87 
11, 40 ," 1,131 ", 65 , 679 , 58 , 559 , 71 , 265 , 65 , 53 , 87 
11, 41 ," 1,118 ", 64 , 687 , 59 , 556 , 70 , 259 , 63 , 55 , 90 
11, 42 ," 1,152 ", 66 , 675 , 58 , 548 , 69 , 260 , 63 , 48 , 79 
11, 43 ," 1,164 ", 66 , 685 , 59 , 543 , 69 , 280 , 68 , 45 , 74 
11, 44 ," 1,152 ", 66 , 689 , 59 , 544 , 69 , 266 , 65 , 48 , 79 
11, 45 ," 1,155 ", 66 , 696 , 60 , 558 , 71 , 309 , 75 , 52 , 85 
11, 46 ," 1,153 ", 66 , 716 , 61 , 541 , 69 , 277 , 68 , 48 , 79 
11, 47 ," 1,124 ", 64 , 701 , 60 , 545 , 69 , 274 , 67 , 55 , 91 
11, 48 ," 1,132 ", 65 , 690 , 59 , 549 , 70 , 259 , 63 , 42 , 69 
11, 49 ," 1,139 ", 65 , 718 , 62 , 563 , 71 , 257 , 63 , 50 , 82 
11, 50 ," 1,156 ", 66 , 742 , 64 , 566 , 72 , 266 , 65 , 52 , 85 
11, 51 ," 1,151 ", 66 , 764 , 65 , 593 , 75 , 284 , 69 , 48 , 78 
11, 52 ," 1,157 ", 66 , 743 , 64 , 574 , 73 , 272 , 66 , 50 , 82 
11, 53 ," 1,150 ", 66 , 733 , 63 , 578 , 73 , 267 , 65 , 52 , 86 
11, 54 ," 1,133 ", 65 , 733 , 63 , 586 , 74 , 259 , 63 , 49 , 80 
11, 55 ," 1,154 ", 66 , 762 , 65 , 571 , 72 , 258 , 63 , 47 , 78 
11, 56 ," 1,164 ", 66 , 731 , 63 , 556 , 70 , 256 , 63 , 49 , 80 
11, 57 ," 1,169 ", 67 , 750 , 64 , 579 , 73 , 277 , 68 , 51 , 84 
11, 58 ," 1,148 ", 65 , 763 , 65 , 551 , 70 , 265 , 65 , 45 , 74 
11, 59 ," 1,153 ", 66 , 727 , 62 , 557 , 71 , 263 , 64 , 46 , 76 
12, -   ," 1,134 ", 65 , 766 , 66 , 564 , 72 , 269 , 66 , 46 , 76 
12, 1 ," 1,170 ", 67 , 808 , 69 , 686 , 87 , 280 , 68 , 47 , 77 
12, 2 ," 1,164 ", 66 , 807 , 69 , 607 , 77 , 291 , 71 , 47 , 78 
12, 3 ," 1,169 ", 67 , 806 , 69 , 603 , 76 , 279 , 68 , 53 , 87 
12, 4 ," 1,190 ", 68 , 814 , 70 , 657 , 83 , 282 , 69 , 44 , 72 
12, 5 ," 1,154 ", 66 , 826 , 71 , 616 , 78 , 281 , 69 , 47 , 77 
12, 6 ," 1,149 ", 66 , 813 , 70 , 591 , 75 , 277 , 68 , 46 , 76 
12, 7 ," 1,136 ", 65 , 803 , 69 , 570 , 72 , 278 , 68 , 43 , 70 
12, 8 ," 1,141 ", 65 , 786 , 67 , 570 , 72 , 265 , 65 , 42 , 69 
12, 9 ," 1,154 ", 66 , 776 , 66 , 571 , 72 , 257 , 63 , 40 , 67 
12, 10 ," 1,149 ", 66 , 783 , 67 , 560 , 71 , 260 , 64 , 46 , 76 
12, 11 ," 1,116 ", 64 , 787 , 67 , 540 , 68 , 263 , 64 , 45 , 75 
12, 12 ," 1,132 ", 65 , 769 , 66 , 603 , 76 , 279 , 68 , 45 , 74 
12, 13 ," 1,126 ", 64 , 796 , 68 , 575 , 73 , 259 , 63 , 46 , 76 
12, 14 ," 1,156 ", 66 , 826 , 71 , 561 , 71 , 274 , 67 , 46 , 75 
12, 15 ," 1,182 ", 67 , 845 , 72 , 606 , 77 , 289 , 71 , 49 , 80 
12, 16 ," 1,149 ", 66 , 833 , 71 , 571 , 72 , 270 , 66 , 43 , 71 
12, 17 ," 1,158 ", 66 , 825 , 71 , 550 , 70 , 266 , 65 , 45 , 74 
12, 18 ," 1,170 ", 67 , 820 , 70 , 558 , 71 , 263 , 64 , 45 , 75 
12, 19 ," 1,152 ", 66 , 818 , 70 , 558 , 71 , 261 , 64 , 43 , 71 
12, 20 ," 1,150 ", 66 , 832 , 71 , 554 , 70 , 265 , 65 , 41 , 68 
12, 21 ," 1,153 ", 66 , 828 , 71 , 535 , 68 , 278 , 68 , 47 , 77 
12, 22 ," 1,177 ", 67 , 851 , 73 , 523 , 66 , 275 , 67 , 42 , 69 
12, 23 ," 1,168 ", 67 , 881 , 76 , 553 , 70 , 287 , 70 , 45 , 74 
12, 24 ," 1,164 ", 66 , 850 , 73 , 530 , 67 , 270 , 66 , 44 , 73 
12, 25 ," 1,175 ", 67 , 836 , 72 , 526 , 67 , 262 , 64 , 42 , 69 
12, 26 ," 1,164 ", 66 , 878 , 75 , 553 , 70 , 265 , 65 , 44 , 72 
12, 27 ," 1,167 ", 67 , 882 , 76 , 576 , 73 , 254 , 62 , 43 , 71 
12, 28 ," 1,173 ", 67 , 853 , 73 , 546 , 69 , 262 , 64 , 45 , 75 
12, 29 ," 1,143 ", 65 , 852 , 73 , 541 , 68 , 259 , 63 , 46 , 76 
12, 30 ," 1,159 ", 66 , 841 , 72 , 546 , 69 , 254 , 62 , 50 , 82 
12, 31 ," 1,140 ", 65 , 853 , 73 , 566 , 72 , 254 , 62 , 46 , 76 
12, 32 ," 1,150 ", 66 , 851 , 73 , 542 , 69 , 266 , 65 , 44 , 73 
12, 33 ," 1,154 ", 66 , 858 , 73 , 551 , 70 , 270 , 66 , 45 , 74 
12, 34 ," 1,170 ", 67 , 854 , 73 , 548 , 69 , 266 , 65 , 46 , 75 
12, 35 ," 1,130 ", 64 , 843 , 72 , 536 , 68 , 261 , 64 , 49 , 80 
12, 36 ," 1,157 ", 66 , 880 , 75 , 535 , 68 , 254 , 62 , 47 , 77 
12, 37 ," 1,163 ", 66 , 888 , 76 , 549 , 70 , 261 , 64 , 48 , 80 
12, 38 ," 1,172 ", 67 , 901 , 77 , 548 , 69 , 253 , 62 , 45 , 74 
12, 39 ," 1,158 ", 66 , 903 , 77 , 524 , 66 , 247 , 60 , 46 , 75 
12, 40 ," 1,159 ", 66 , 926 , 79 , 531 , 67 , 267 , 65 , 49 , 80 
12, 41 ," 1,165 ", 66 , 924 , 79 , 537 , 68 , 260 , 63 , 47 , 78 
12, 42 ," 1,174 ", 67 , 903 , 77 , 550 , 70 , 259 , 63 , 45 , 75 
12, 43 ," 1,163 ", 66 , 899 , 77 , 549 , 70 , 268 , 65 , 38 , 63 
12, 44 ," 1,135 ", 65 , 894 , 77 , 567 , 72 , 269 , 66 , 44 , 72 
12, 45 ," 1,151 ", 66 , 931 , 80 , 579 , 73 , 292 , 71 , 46 , 75 
12, 46 ," 1,131 ", 65 , 928 , 79 , 558 , 71 , 256 , 63 , 49 , 80 
12, 47 ," 1,125 ", 64 , 931 , 80 , 555 , 70 , 257 , 63 , 55 , 90 
12, 48 ," 1,148 ", 66 , 930 , 80 , 545 , 69 , 269 , 66 , 44 , 72 
12, 49 ," 1,133 ", 65 , 925 , 79 , 554 , 70 , 283 , 69 , 46 , 75 
12, 50 ," 1,141 ", 65 , 930 , 80 , 564 , 71 , 267 , 65 , 51 , 84 
12, 51 ," 1,159 ", 66 , 954 , 82 , 566 , 72 , 282 , 69 , 52 , 85 
12, 52 ," 1,141 ", 65 , 934 , 80 , 541 , 69 , 277 , 68 , 48 , 80 
12, 53 ," 1,167 ", 67 , 947 , 81 , 562 , 71 , 276 , 67 , 42 , 69 
12, 54 ," 1,136 ", 65 , 971 , 83 , 559 , 71 , 270 , 66 , 52 , 86 
12, 55 ," 1,143 ", 65 , 969 , 83 , 555 , 70 , 270 , 66 , 46 , 75 
12, 56 ," 1,147 ", 65 , 960 , 82 , 546 , 69 , 264 , 65 , 47 , 78 
12, 57 ," 1,156 ", 66 , 986 , 84 , 575 , 73 , 270 , 66 , 43 , 70 
12, 58 ," 1,151 ", 66 , 966 , 83 , 555 , 70 , 266 , 65 , 55 , 91 
12, 59 ," 1,135 ", 65 , 952 , 82 , 535 , 68 , 273 , 67 , 48 , 80 
13, -   ," 1,114 ", 64 , 982 , 84 , 540 , 68 , 260 , 63 , 45 , 75 
13, 1 ," 1,161 ", 66 ," 1,048 ", 90 , 638 , 81 , 277 , 68 , 51 , 84 
13, 2 ," 1,157 ", 66 ," 1,017 ", 87 , 571 , 72 , 288 , 70 , 48 , 79 
13, 3 ," 1,120 ", 64 ," 1,051 ", 90 , 567 , 72 , 276 , 67 , 43 , 71 
13, 4 ," 1,140 ", 65 ," 1,072 ", 92 , 623 , 79 , 288 , 70 , 44 , 73 
13, 5 ," 1,124 ", 64 ," 1,038 ", 89 , 574 , 73 , 288 , 70 , 42 , 69 
13, 6 ," 1,108 ", 63 ," 1,005 ", 86 , 551 , 70 , 272 , 66 , 44 , 72 
13, 7 ," 1,082 ", 62 , 978 , 84 , 544 , 69 , 271 , 66 , 45 , 74 
13, 8 ," 1,098 ", 63 , 996 , 85 , 527 , 67 , 278 , 68 , 43 , 70 
13, 9 ," 1,120 ", 64 , 976 , 84 , 547 , 69 , 266 , 65 , 41 , 67 
13, 10 ," 1,098 ", 63 , 983 , 84 , 529 , 67 , 272 , 66 , 42 , 70 
13, 11 ," 1,112 ", 63 , 991 , 85 , 529 , 67 , 267 , 65 , 46 , 76 
13, 12 ," 1,124 ", 64 ," 1,012 ", 87 , 571 , 72 , 269 , 66 , 46 , 75 
13, 13 ," 1,124 ", 64 ," 1,013 ", 87 , 537 , 68 , 263 , 64 , 41 , 68 
13, 14 ," 1,119 ", 64 ," 1,048 ", 90 , 549 , 70 , 272 , 66 , 45 , 74 
13, 15 ," 1,100 ", 63 ," 1,040 ", 89 , 595 , 75 , 274 , 67 , 44 , 72 
13, 16 ," 1,119 ", 64 ," 1,023 ", 88 , 547 , 69 , 267 , 65 , 44 , 72 
13, 17 ," 1,095 ", 62 ," 1,006 ", 86 , 535 , 68 , 276 , 67 , 37 , 61 
13, 18 ," 1,125 ", 64 ," 1,006 ", 86 , 524 , 66 , 276 , 67 , 43 , 71 
13, 19 ," 1,091 ", 62 ," 1,005 ", 86 , 517 , 66 , 278 , 68 , 41 , 68 
13, 20 ," 1,091 ", 62 ," 1,002 ", 86 , 516 , 65 , 264 , 64 , 40 , 66 
13, 21 ," 1,080 ", 62 ," 1,016 ", 87 , 526 , 67 , 266 , 65 , 39 , 63 
13, 22 ," 1,118 ", 64 ," 1,020 ", 87 , 524 , 66 , 262 , 64 , 43 , 71 
13, 23 ," 1,097 ", 63 ," 1,021 ", 87 , 499 , 63 , 278 , 68 , 40 , 66 
13, 24 ," 1,121 ", 64 ," 1,016 ", 87 , 528 , 67 , 278 , 68 , 38 , 62 
13, 25 ," 1,104 ", 63 ," 1,034 ", 89 , 505 , 64 , 282 , 69 , 41 , 67 
13, 26 ," 1,128 ", 64 ," 1,053 ", 90 , 526 , 67 , 273 , 67 , 41 , 67 
13, 27 ," 1,114 ", 64 ," 1,013 ", 87 , 559 , 71 , 286 , 70 , 46 , 76 
13, 28 ," 1,115 ", 64 ," 1,039 ", 89 , 535 , 68 , 293 , 72 , 39 , 64 
13, 29 ," 1,105 ", 63 ," 1,019 ", 87 , 533 , 68 , 267 , 65 , 43 , 72 
13, 30 ," 1,100 ", 63 ," 1,017 ", 87 , 531 , 67 , 268 , 65 , 41 , 67 
13, 31 ," 1,091 ", 62 , 999 , 86 , 521 , 66 , 262 , 64 , 42 , 69 
13, 32 ," 1,094 ", 62 ," 1,009 ", 86 , 507 , 64 , 270 , 66 , 40 , 66 
13, 33 ," 1,070 ", 61 ," 1,040 ", 89 , 520 , 66 , 263 , 64 , 42 , 70 
13, 34 ," 1,097 ", 63 ," 1,033 ", 89 , 522 , 66 , 272 , 67 , 45 , 74 
13, 35 ," 1,083 ", 62 ," 1,031 ", 88 , 504 , 64 , 260 , 64 , 40 , 66 
13, 36 ," 1,078 ", 61 ," 1,047 ", 90 , 523 , 66 , 252 , 61 , 40 , 66 
13, 37 ," 1,098 ", 63 ," 1,037 ", 89 , 515 , 65 , 276 , 67 , 44 , 73 
13, 38 ," 1,078 ", 62 ," 1,056 ", 91 , 523 , 66 , 268 , 65 , 44 , 72 
13, 39 ," 1,096 ", 63 ," 1,094 ", 94 , 504 , 64 , 263 , 64 , 41 , 68 
13, 40 ," 1,085 ", 62 ," 1,063 ", 91 , 514 , 65 , 261 , 64 , 42 , 69 
13, 41 ," 1,072 ", 61 ," 1,056 ", 90 , 515 , 65 , 266 , 65 , 44 , 72 
13, 42 ," 1,075 ", 61 ," 1,055 ", 90 , 520 , 66 , 280 , 68 , 41 , 67 
13, 43 ," 1,078 ", 61 ," 1,048 ", 90 , 509 , 65 , 257 , 63 , 43 , 70 
13, 44 ," 1,087 ", 62 ," 1,064 ", 91 , 520 , 66 , 261 , 64 , 47 , 77 
13, 45 ," 1,074 ", 61 ," 1,094 ", 94 , 539 , 68 , 311 , 76 , 44 , 73 
13, 46 ," 1,074 ", 61 ," 1,065 ", 91 , 519 , 66 , 272 , 66 , 43 , 72 
13, 47 ," 1,067 ", 61 ," 1,059 ", 91 , 518 , 66 , 277 , 68 , 41 , 67 
13, 48 ," 1,094 ", 62 ," 1,071 ", 92 , 517 , 66 , 271 , 66 , 44 , 72 
13, 49 ," 1,104 ", 63 ," 1,059 ", 91 , 519 , 66 , 285 , 70 , 43 , 70 
13, 50 ," 1,101 ", 63 ," 1,090 ", 93 , 532 , 67 , 283 , 69 , 41 , 68 
13, 51 ," 1,080 ", 62 ," 1,094 ", 94 , 545 , 69 , 290 , 71 , 42 , 70 
13, 52 ," 1,059 ", 60 ," 1,076 ", 92 , 525 , 66 , 272 , 66 , 47 , 78 
13, 53 ," 1,063 ", 61 ," 1,080 ", 93 , 536 , 68 , 273 , 67 , 44 , 72 
13, 54 ," 1,057 ", 60 ," 1,068 ", 92 , 543 , 69 , 281 , 69 , 42 , 69 
13, 55 ," 1,064 ", 61 ," 1,040 ", 89 , 524 , 66 , 287 , 70 , 44 , 73 
13, 56 ," 1,049 ", 60 ," 1,055 ", 90 , 515 , 65 , 276 , 67 , 45 , 74 
13, 57 ," 1,067 ", 61 ," 1,087 ", 93 , 526 , 67 , 279 , 68 , 42 , 70 
13, 58 ," 1,033 ", 59 ," 1,044 ", 89 , 514 , 65 , 283 , 69 , 43 , 72 
13, 59 ," 1,025 ", 58 ," 1,026 ", 88 , 504 , 64 , 266 , 65 , 45 , 74 
14, -   ," 1,000 ", 57 ," 1,056 ", 90 , 549 , 70 , 272 , 66 , 46 , 76 
14, 1 ," 1,040 ", 59 ," 1,118 ", 96 , 627 , 79 , 272 , 66 , 45 , 74 
14, 2 ," 1,035 ", 59 ," 1,117 ", 96 , 576 , 73 , 273 , 67 , 41 , 68 
14, 3 ," 1,015 ", 58 ," 1,128 ", 97 , 542 , 69 , 275 , 67 , 45 , 73 
14, 4 ," 1,061 ", 61 ," 1,167 ", 100 , 576 , 73 , 299 , 73 , 47 , 77 
14, 5 ," 1,052 ", 60 ," 1,101 ", 94 , 576 , 73 , 274 , 67 , 49 , 80 
14, 6 ," 1,023 ", 58 ," 1,082 ", 93 , 552 , 70 , 283 , 69 , 40 , 67 
14, 7 ," 1,024 ", 58 ," 1,065 ", 91 , 543 , 69 , 277 , 68 , 49 , 81 
14, 8 ," 1,031 ", 59 ," 1,064 ", 91 , 550 , 70 , 263 , 64 , 39 , 64 
14, 9 , 993 , 57 ," 1,031 ", 88 , 547 , 69 , 288 , 70 , 42 , 68 
14, 10 ," 1,000 ", 57 ," 1,029 ", 88 , 524 , 66 , 276 , 67 , 44 , 72 
14, 11 ," 1,019 ", 58 ," 1,039 ", 89 , 518 , 66 , 278 , 68 , 43 , 71 
14, 12 ," 1,014 ", 58 ," 1,049 ", 90 , 573 , 73 , 276 , 67 , 44 , 73 
14, 13 ," 1,015 ", 58 ," 1,039 ", 89 , 552 , 70 , 264 , 65 , 37 , 61 
14, 14 ," 1,008 ", 57 ," 1,082 ", 93 , 529 , 67 , 262 , 64 , 40 , 65 
14, 15 ," 1,021 ", 58 ," 1,085 ", 93 , 578 , 73 , 265 , 65 , 39 , 64 
14, 16 , 999 , 57 ," 1,052 ", 90 , 533 , 68 , 261 , 64 , 39 , 63 
14, 17 ," 1,009 ", 58 ," 1,062 ", 91 , 531 , 67 , 257 , 63 , 42 , 69 
14, 18 , 998 , 57 ," 1,022 ", 88 , 526 , 67 , 264 , 65 , 42 , 69 
14, 19 ," 1,004 ", 57 ," 1,047 ", 90 , 519 , 66 , 261 , 64 , 38 , 62 
14, 20 , 989 , 56 ," 1,033 ", 89 , 520 , 66 , 259 , 63 , 36 , 60 
14, 21 , 976 , 56 ," 1,062 ", 91 , 520 , 66 , 269 , 66 , 34 , 57 
14, 22 ," 1,005 ", 57 ," 1,034 ", 89 , 519 , 66 , 264 , 65 , 38 , 63 
14, 23 ," 1,009 ", 58 ," 1,032 ", 88 , 519 , 66 , 265 , 65 , 39 , 64 
14, 24 ," 1,011 ", 58 ," 1,034 ", 89 , 526 , 67 , 269 , 66 , 38 , 62 
14, 25 , 987 , 56 ," 1,038 ", 89 , 520 , 66 , 270 , 66 , 41 , 67 
14, 26 , 981 , 56 ," 1,060 ", 91 , 533 , 68 , 262 , 64 , 41 , 67 
14, 27 , 997 , 57 ," 1,076 ", 92 , 515 , 65 , 258 , 63 , 41 , 68 
14, 28 , 975 , 56 ," 1,033 ", 88 , 509 , 64 , 255 , 62 , 42 , 70 
14, 29 , 992 , 57 ," 1,039 ", 89 , 503 , 64 , 265 , 65 , 43 , 70 
14, 30 , 980 , 56 ," 1,036 ", 89 , 518 , 66 , 263 , 64 , 41 , 68 
14, 31 ," 1,002 ", 57 ," 1,027 ", 88 , 530 , 67 , 266 , 65 , 40 , 65 
14, 32 , 991 , 57 , 985 , 84 , 513 , 65 , 258 , 63 , 42 , 69 
14, 33 , 965 , 55 ," 1,033 ", 88 , 514 , 65 , 264 , 64 , 42 , 69 
14, 34 , 971 , 55 , 992 , 85 , 505 , 64 , 264 , 64 , 42 , 69 
14, 35 , 957 , 55 , 987 , 85 , 495 , 63 , 271 , 66 , 43 , 70 
14, 36 , 968 , 55 ," 1,006 ", 86 , 494 , 63 , 255 , 62 , 39 , 65 
14, 37 , 963 , 55 ," 1,036 ", 89 , 513 , 65 , 272 , 66 , 41 , 68 
14, 38 , 954 , 54 ," 1,076 ", 92 , 512 , 65 , 280 , 68 , 42 , 69 
14, 39 , 953 , 54 ," 1,057 ", 91 , 500 , 63 , 259 , 63 , 40 , 66 
14, 40 , 941 , 54 ," 1,043 ", 89 , 506 , 64 , 247 , 60 , 38 , 62 
14, 41 , 953 , 54 ," 1,026 ", 88 , 516 , 65 , 263 , 64 , 37 , 60 
14, 42 , 960 , 55 ," 1,034 ", 89 , 509 , 64 , 257 , 63 , 40 , 65 
14, 43 , 960 , 55 ," 1,020 ", 87 , 516 , 65 , 268 , 65 , 39 , 65 
14, 44 , 959 , 55 ," 1,019 ", 87 , 521 , 66 , 259 , 63 , 39 , 64 
14, 45 , 963 , 55 ," 1,035 ", 89 , 510 , 65 , 299 , 73 , 36 , 59 
14, 46 , 949 , 54 ," 1,036 ", 89 , 530 , 67 , 261 , 64 , 38 , 62 
14, 47 , 966 , 55 ," 1,047 ", 90 , 530 , 67 , 263 , 64 , 39 , 65 
14, 48 , 968 , 55 ," 1,036 ", 89 , 532 , 67 , 263 , 64 , 39 , 65 
14, 49 , 951 , 54 ," 1,022 ", 88 , 519 , 66 , 250 , 61 , 42 , 69 
14, 50 , 951 , 54 , 999 , 86 , 526 , 67 , 259 , 63 , 38 , 63 
14, 51 , 978 , 56 ," 1,097 ", 94 , 544 , 69 , 270 , 66 , 41 , 68 
14, 52 , 971 , 55 ," 1,012 ", 87 , 520 , 66 , 265 , 65 , 45 , 74 
14, 53 , 968 , 55 ," 1,062 ", 91 , 529 , 67 , 266 , 65 , 45 , 73 
14, 54 , 954 , 54 ," 1,067 ", 91 , 523 , 66 , 255 , 62 , 42 , 69 
14, 55 , 947 , 54 ," 1,037 ", 89 , 529 , 67 , 242 , 59 , 46 , 76 
14, 56 , 958 , 55 ," 1,010 ", 87 , 527 , 67 , 248 , 60 , 46 , 75 
14, 57 , 961 , 55 ," 1,026 ", 88 , 538 , 68 , 249 , 61 , 39 , 64 
14, 58 , 966 , 55 ," 1,014 ", 87 , 508 , 64 , 262 , 64 , 42 , 70 
14, 59 , 965 , 55 , 995 , 85 , 496 , 63 , 244 , 60 , 44 , 72 
15, -   , 938 , 53 ," 1,064 ", 91 , 510 , 65 , 248 , 60 , 42 , 70 
15, 1 , 984 , 56 ," 1,143 ", 98 , 598 , 76 , 257 , 63 , 42 , 69 
15, 2 , 955 , 54 ," 1,094 ", 94 , 553 , 70 , 264 , 65 , 40 , 66 
15, 3 , 943 , 54 ," 1,090 ", 93 , 529 , 67 , 260 , 64 , 42 , 69 
15, 4 , 967 , 55 ," 1,151 ", 99 , 576 , 73 , 245 , 60 , 44 , 72 
15, 5 , 991 , 57 ," 1,062 ", 91 , 549 , 70 , 254 , 62 , 39 , 64 
15, 6 , 955 , 54 ," 1,028 ", 88 , 534 , 68 , 249 , 61 , 38 , 62 
15, 7 , 949 , 54 ," 1,007 ", 86 , 520 , 66 , 247 , 60 , 37 , 60 
15, 8 , 932 , 53 , 983 , 84 , 528 , 67 , 231 , 56 , 42 , 69 
15, 9 , 943 , 54 , 972 , 83 , 515 , 65 , 241 , 59 , 39 , 64 
15, 10 , 937 , 53 , 997 , 85 , 519 , 66 , 238 , 58 , 38 , 62 
15, 11 , 935 , 53 , 980 , 84 , 509 , 65 , 235 , 57 , 37 , 62 
15, 12 , 944 , 54 , 977 , 84 , 547 , 69 , 236 , 58 , 38 , 63 
15, 13 , 939 , 54 , 952 , 82 , 517 , 66 , 232 , 57 , 40 , 67 
15, 14 , 940 , 54 ," 1,025 ", 88 , 527 , 67 , 238 , 58 , 39 , 65 
15, 15 , 974 , 56 ," 1,067 ", 91 , 570 , 72 , 248 , 60 , 43 , 72 
15, 16 , 961 , 55 , 971 , 83 , 521 , 66 , 241 , 59 , 42 , 69 
15, 17 , 930 , 53 , 971 , 83 , 505 , 64 , 236 , 58 , 37 , 61 
15, 18 , 939 , 54 , 983 , 84 , 513 , 65 , 228 , 56 , 37 , 61 
15, 19 , 935 , 53 , 972 , 83 , 516 , 65 , 233 , 57 , 33 , 54 
15, 20 , 925 , 53 , 962 , 82 , 499 , 63 , 226 , 55 , 37 , 61 
15, 21 , 924 , 53 , 949 , 81 , 504 , 64 , 236 , 58 , 42 , 69 
15, 22 , 957 , 55 , 937 , 80 , 490 , 62 , 235 , 57 , 38 , 63 
15, 23 , 968 , 55 , 973 , 83 , 514 , 65 , 239 , 58 , 35 , 58 
15, 24 , 968 , 55 , 952 , 82 , 490 , 62 , 233 , 57 , 37 , 61 
15, 25 , 961 , 55 , 961 , 82 , 498 , 63 , 223 , 54 , 36 , 60 
15, 26 , 978 , 56 , 929 , 80 , 514 , 65 , 229 , 56 , 39 , 65 
15, 27 , 960 , 55 , 984 , 84 , 527 , 67 , 227 , 55 , 37 , 61 
15, 28 , 953 , 54 , 954 , 82 , 514 , 65 , 210 , 51 , 35 , 58 
15, 29 , 948 , 54 , 953 , 82 , 504 , 64 , 220 , 54 , 35 , 58 
15, 30 , 945 , 54 , 963 , 82 , 496 , 63 , 230 , 56 , 41 , 68 
15, 31 , 946 , 54 , 952 , 82 , 489 , 62 , 226 , 55 , 41 , 68 
15, 32 , 934 , 53 , 926 , 79 , 502 , 64 , 223 , 55 , 43 , 70 
15, 33 , 928 , 53 , 970 , 83 , 486 , 62 , 216 , 53 , 41 , 68 
15, 34 , 919 , 52 , 980 , 84 , 493 , 63 , 219 , 54 , 47 , 77 
15, 35 , 910 , 52 , 948 , 81 , 474 , 60 , 213 , 52 , 41 , 67 
15, 36 , 946 , 54 , 934 , 80 , 492 , 62 , 203 , 50 , 37 , 61 
15, 37 , 943 , 54 , 936 , 80 , 499 , 63 , 227 , 55 , 36 , 60 
15, 38 , 982 , 56 , 984 , 84 , 530 , 67 , 227 , 55 , 41 , 68 
15, 39 , 951 , 54 , 969 , 83 , 510 , 65 , 213 , 52 , 46 , 76 
15, 40 , 952 , 54 , 978 , 84 , 507 , 64 , 209 , 51 , 44 , 72 
15, 41 , 944 , 54 , 935 , 80 , 512 , 65 , 215 , 52 , 41 , 67 
15, 42 , 946 , 54 , 939 , 80 , 489 , 62 , 210 , 51 , 36 , 60 
15, 43 , 946 , 54 , 929 , 80 , 496 , 63 , 210 , 51 , 36 , 59 
15, 44 , 953 , 54 , 968 , 83 , 508 , 64 , 204 , 50 , 41 , 68 
15, 45 , 936 , 53 , 974 , 83 , 535 , 68 , 257 , 63 , 44 , 72 
15, 46 , 943 , 54 , 936 , 80 , 501 , 64 , 209 , 51 , 42 , 69 
15, 47 , 964 , 55 , 907 , 78 , 519 , 66 , 212 , 52 , 45 , 74 
15, 48 , 971 , 55 , 905 , 78 , 498 , 63 , 205 , 50 , 41 , 68 
15, 49 , 972 , 55 , 888 , 76 , 495 , 63 , 202 , 49 , 43 , 71 
15, 50 , 953 , 54 , 889 , 76 , 502 , 64 , 209 , 51 , 42 , 69 
15, 51 , 961 , 55 , 932 , 80 , 512 , 65 , 210 , 51 , 39 , 64 
15, 52 , 937 , 53 , 888 , 76 , 502 , 64 , 202 , 49 , 39 , 65 
15, 53 , 937 , 53 , 900 , 77 , 519 , 66 , 205 , 50 , 40 , 66 
15, 54 , 960 , 55 , 891 , 76 , 518 , 66 , 209 , 51 , 39 , 64 
15, 55 , 952 , 54 , 859 , 74 , 511 , 65 , 195 , 48 , 41 , 67 
15, 56 , 957 , 55 , 870 , 75 , 505 , 64 , 194 , 47 , 41 , 68 
15, 57 , 973 , 55 , 904 , 77 , 518 , 66 , 207 , 51 , 42 , 69 
15, 58 , 964 , 55 , 889 , 76 , 502 , 64 , 203 , 50 , 39 , 65 
15, 59 , 956 , 55 , 869 , 74 , 499 , 63 , 185 , 45 , 35 , 58 
16, -   , 945 , 54 , 929 , 80 , 502 , 64 , 184 , 45 , 43 , 71 
16, 1 , 960 , 55 ," 1,027 ", 88 , 582 , 74 , 207 , 51 , 40 , 65 
16, 2 , 965 , 55 , 983 , 84 , 542 , 69 , 201 , 49 , 41 , 68 
16, 3 , 965 , 55 , 981 , 84 , 516 , 65 , 192 , 47 , 36 , 60 
16, 4 , 984 , 56 ," 1,032 ", 88 , 571 , 72 , 191 , 47 , 38 , 62 
16, 5 , 952 , 54 , 957 , 82 , 532 , 67 , 189 , 46 , 33 , 55 
16, 6 , 942 , 54 , 898 , 77 , 502 , 64 , 191 , 47 , 36 , 59 
16, 7 , 955 , 54 , 913 , 78 , 495 , 63 , 196 , 48 , 32 , 53 
16, 8 , 951 , 54 , 894 , 77 , 498 , 63 , 183 , 45 , 35 , 58 
16, 9 , 944 , 54 , 877 , 75 , 502 , 64 , 168 , 41 , 31 , 52 
16, 10 , 952 , 54 , 882 , 76 , 495 , 63 , 169 , 41 , 35 , 57 
16, 11 , 922 , 53 , 882 , 76 , 497 , 63 , 175 , 43 , 35 , 57 
16, 12 , 950 , 54 , 880 , 75 , 549 , 70 , 177 , 43 , 39 , 64 
16, 13 , 945 , 54 , 885 , 76 , 508 , 64 , 173 , 42 , 40 , 65 
16, 14 , 961 , 55 , 929 , 80 , 508 , 64 , 173 , 42 , 36 , 60 
16, 15 , 975 , 56 , 941 , 81 , 533 , 68 , 187 , 46 , 35 , 58 
16, 16 , 950 , 54 , 905 , 78 , 507 , 64 , 170 , 41 , 36 , 59 
16, 17 , 967 , 55 , 903 , 77 , 489 , 62 , 175 , 43 , 37 , 61 
16, 18 , 943 , 54 , 888 , 76 , 505 , 64 , 179 , 44 , 37 , 62 
16, 19 , 943 , 54 , 878 , 75 , 496 , 63 , 169 , 41 , 38 , 63 
16, 20 , 935 , 53 , 867 , 74 , 478 , 61 , 172 , 42 , 38 , 63 
16, 21 , 942 , 54 , 872 , 75 , 489 , 62 , 183 , 45 , 37 , 61 
16, 22 , 960 , 55 , 867 , 74 , 495 , 63 , 169 , 41 , 39 , 64 
16, 23 , 969 , 55 , 903 , 77 , 511 , 65 , 193 , 47 , 39 , 64 
16, 24 , 945 , 54 , 853 , 73 , 468 , 59 , 155 , 38 , 36 , 59 
16, 25 , 948 , 54 , 857 , 73 , 465 , 59 , 170 , 42 , 42 , 70 
16, 26 , 933 , 53 , 867 , 74 , 470 , 60 , 153 , 37 , 37 , 61 
16, 27 , 957 , 55 , 882 , 76 , 497 , 63 , 163 , 40 , 37 , 61 
16, 28 , 950 , 54 , 870 , 75 , 479 , 61 , 159 , 39 , 36 , 59 
16, 29 , 974 , 56 , 873 , 75 , 477 , 60 , 153 , 37 , 38 , 63 
16, 30 , 948 , 54 , 864 , 74 , 491 , 62 , 140 , 34 , 35 , 58 
16, 31 , 940 , 54 , 872 , 75 , 485 , 61 , 141 , 34 , 37 , 60 
16, 32 , 955 , 54 , 852 , 73 , 469 , 59 , 147 , 36 , 39 , 65 
16, 33 , 945 , 54 , 879 , 75 , 471 , 60 , 155 , 38 , 37 , 61 
16, 34 , 952 , 54 , 867 , 74 , 472 , 60 , 149 , 36 , 33 , 54 
16, 35 , 945 , 54 , 856 , 73 , 478 , 61 , 147 , 36 , 34 , 56 
16, 36 , 959 , 55 , 859 , 74 , 460 , 58 , 150 , 37 , 36 , 59 
16, 37 , 922 , 53 , 849 , 73 , 462 , 59 , 150 , 37 , 37 , 60 
16, 38 , 977 , 56 , 919 , 79 , 465 , 59 , 153 , 37 , 37 , 61 
16, 39 , 969 , 55 , 883 , 76 , 464 , 59 , 151 , 37 , 35 , 58 
16, 40 , 954 , 54 , 864 , 74 , 436 , 55 , 143 , 35 , 29 , 48 
16, 41 , 976 , 56 , 842 , 72 , 457 , 58 , 137 , 34 , 39 , 64 
16, 42 , 934 , 53 , 835 , 72 , 469 , 59 , 138 , 34 , 34 , 56 
16, 43 , 929 , 53 , 833 , 71 , 461 , 58 , 142 , 35 , 39 , 64 
16, 44 , 945 , 54 , 874 , 75 , 476 , 60 , 143 , 35 , 39 , 65 
16, 45 , 970 , 55 , 903 , 77 , 502 , 64 , 174 , 43 , 39 , 65 
16, 46 , 971 , 55 , 869 , 74 , 494 , 63 , 144 , 35 , 43 , 71 
16, 47 , 979 , 56 , 857 , 73 , 473 , 60 , 140 , 34 , 36 , 60 
16, 48 , 968 , 55 , 833 , 71 , 459 , 58 , 144 , 35 , 39 , 64 
16, 49 , 969 , 55 , 843 , 72 , 466 , 59 , 139 , 34 , 39 , 64 
16, 50 , 947 , 54 , 833 , 71 , 470 , 59 , 145 , 35 , 40 , 66 
16, 51 , 979 , 56 , 898 , 77 , 505 , 64 , 148 , 36 , 36 , 60 
16, 52 , 976 , 56 , 847 , 73 , 479 , 61 , 150 , 37 , 40 , 66 
16, 53 , 949 , 54 , 886 , 76 , 495 , 63 , 145 , 35 , 38 , 63 
16, 54 , 976 , 56 , 849 , 73 , 496 , 63 , 141 , 34 , 42 , 69 
16, 55 , 973 , 55 , 841 , 72 , 474 , 60 , 133 , 32 , 36 , 59 
16, 56 , 988 , 56 , 829 , 71 , 476 , 60 , 129 , 32 , 32 , 53 
16, 57 , 987 , 56 , 891 , 76 , 483 , 61 , 136 , 33 , 36 , 60 
16, 58 , 989 , 56 , 847 , 73 , 471 , 60 , 132 , 32 , 42 , 70 
16, 59 , 967 , 55 , 827 , 71 , 472 , 60 , 132 , 32 , 38 , 63 
17, -   , 959 , 55 , 881 , 76 , 489 , 62 , 130 , 32 , 35 , 58 
17, 1 , 992 , 57 , 994 , 85 , 553 , 70 , 140 , 34 , 44 , 72 
17, 2 , 977 , 56 , 930 , 80 , 517 , 66 , 138 , 34 , 39 , 64 
17, 3 , 985 , 56 , 923 , 79 , 500 , 63 , 138 , 34 , 40 , 66 
17, 4 , 996 , 57 , 967 , 83 , 536 , 68 , 145 , 35 , 40 , 66 
17, 5 , 969 , 55 , 894 , 77 , 501 , 63 , 132 , 32 , 35 , 58 
17, 6 , 970 , 55 , 839 , 72 , 500 , 63 , 130 , 32 , 42 , 68 
17, 7 , 958 , 55 , 837 , 72 , 504 , 64 , 136 , 33 , 39 , 65 
17, 8 , 978 , 56 , 838 , 72 , 467 , 59 , 129 , 32 , 43 , 71 
17, 9 , 975 , 56 , 826 , 71 , 481 , 61 , 125 , 30 , 36 , 59 
17, 10 , 956 , 55 , 833 , 71 , 499 , 63 , 121 , 30 , 34 , 57 
17, 11 , 954 , 54 , 814 , 70 , 482 , 61 , 132 , 32 , 34 , 55 
17, 12 , 959 , 55 , 826 , 71 , 516 , 65 , 130 , 32 , 38 , 63 
17, 13 , 950 , 54 , 826 , 71 , 491 , 62 , 128 , 31 , 38 , 62 
17, 14 , 939 , 54 , 872 , 75 , 494 , 63 , 128 , 31 , 40 , 66 
17, 15 , 971 , 55 , 919 , 79 , 516 , 65 , 129 , 32 , 39 , 64 
17, 16 , 945 , 54 , 860 , 74 , 474 , 60 , 126 , 31 , 38 , 62 
17, 17 , 984 , 56 , 825 , 71 , 465 , 59 , 129 , 31 , 33 , 54 
17, 18 , 946 , 54 , 830 , 71 , 462 , 59 , 125 , 31 , 34 , 56 
17, 19 , 941 , 54 , 843 , 72 , 460 , 58 , 122 , 30 , 41 , 68 
17, 20 , 963 , 55 , 840 , 72 , 468 , 59 , 117 , 29 , 36 , 60 
17, 21 , 959 , 55 , 818 , 70 , 471 , 60 , 125 , 31 , 42 , 69 
17, 22 , 946 , 54 , 835 , 72 , 463 , 59 , 124 , 30 , 42 , 69 
17, 23 , 949 , 54 , 805 , 69 , 448 , 57 , 125 , 30 , 36 , 59 
17, 24 , 947 , 54 , 829 , 71 , 446 , 56 , 122 , 30 , 38 , 62 
17, 25 , 956 , 55 , 842 , 72 , 455 , 58 , 115 , 28 , 37 , 61 
17, 26 , 952 , 54 , 871 , 75 , 451 , 57 , 119 , 29 , 36 , 60 
17, 27 , 951 , 54 , 825 , 71 , 458 , 58 , 120 , 29 , 40 , 66 
17, 28 , 930 , 53 , 835 , 72 , 461 , 58 , 128 , 31 , 36 , 59 
17, 29 , 921 , 53 , 824 , 71 , 473 , 60 , 109 , 27 , 39 , 65 
17, 30 , 929 , 53 , 829 , 71 , 436 , 55 , 111 , 27 , 33 , 54 
17, 31 , 918 , 52 , 812 , 70 , 461 , 58 , 115 , 28 , 39 , 64 
17, 32 , 897 , 51 , 793 , 68 , 454 , 58 , 104 , 25 , 39 , 64 
17, 33 , 897 , 51 , 813 , 70 , 452 , 57 , 111 , 27 , 38 , 63 
17, 34 , 898 , 51 , 797 , 68 , 447 , 57 , 107 , 26 , 38 , 62 
17, 35 , 908 , 52 , 782 , 67 , 451 , 57 , 106 , 26 , 39 , 64 
17, 36 , 891 , 51 , 790 , 68 , 434 , 55 , 107 , 26 , 37 , 61 
17, 37 , 871 , 50 , 786 , 67 , 457 , 58 , 111 , 27 , 41 , 67 
17, 38 , 881 , 50 , 860 , 74 , 440 , 56 , 112 , 27 , 36 , 60 
17, 39 , 862 , 49 , 813 , 70 , 462 , 58 , 101 , 25 , 39 , 63 
17, 40 , 866 , 49 , 797 , 68 , 442 , 56 , 101 , 25 , 37 , 60 
17, 41 , 862 , 49 , 824 , 71 , 437 , 55 , 104 , 25 , 38 , 62 
17, 42 , 855 , 49 , 799 , 69 , 434 , 55 , 112 , 27 , 39 , 64 
17, 43 , 863 , 49 , 813 , 70 , 436 , 55 , 119 , 29 , 35 , 58 
17, 44 , 866 , 49 , 816 , 70 , 427 , 54 , 114 , 28 , 42 , 69 
17, 45 , 868 , 50 , 840 , 72 , 435 , 55 , 144 , 35 , 42 , 69 
17, 46 , 854 , 49 , 810 , 69 , 434 , 55 , 114 , 28 , 40 , 66 
17, 47 , 835 , 48 , 816 , 70 , 444 , 56 , 93 , 23 , 38 , 62 
17, 48 , 846 , 48 , 793 , 68 , 429 , 54 , 99 , 24 , 45 , 74 
17, 49 , 844 , 48 , 793 , 68 , 431 , 55 , 105 , 26 , 41 , 68 
17, 50 , 848 , 48 , 755 , 65 , 436 , 55 , 100 , 25 , 38 , 62 
17, 51 , 877 , 50 , 834 , 71 , 458 , 58 , 113 , 28 , 41 , 68 
17, 52 , 844 , 48 , 799 , 68 , 439 , 56 , 106 , 26 , 44 , 72 
17, 53 , 845 , 48 , 808 , 69 , 457 , 58 , 97 , 24 , 40 , 67 
17, 54 , 860 , 49 , 776 , 66 , 465 , 59 , 96 , 24 , 43 , 71 
17, 55 , 851 , 49 , 761 , 65 , 433 , 55 , 100 , 25 , 37 , 61 
17, 56 , 834 , 48 , 759 , 65 , 417 , 53 , 100 , 25 , 38 , 63 
17, 57 , 860 , 49 , 810 , 69 , 436 , 55 , 105 , 26 , 38 , 62 
17, 58 , 846 , 48 , 786 , 67 , 423 , 54 , 100 , 24 , 35 , 58 
17, 59 , 838 , 48 , 759 , 65 , 419 , 53 , 94 , 23 , 38 , 63 
18, -   , 855 , 49 , 813 , 70 , 438 , 56 , 103 , 25 , 40 , 66 
18, 1 , 875 , 50 , 928 , 79 , 509 , 64 , 113 , 28 , 35 , 57 
18, 2 , 847 , 48 , 873 , 75 , 488 , 62 , 104 , 25 , 40 , 67 
18, 3 , 837 , 48 , 888 , 76 , 453 , 57 , 102 , 25 , 40 , 66 
18, 4 , 872 , 50 , 944 , 81 , 470 , 60 , 106 , 26 , 40 , 66 
18, 5 , 846 , 48 , 871 , 75 , 457 , 58 , 105 , 26 , 36 , 59 
18, 6 , 805 , 46 , 798 , 68 , 439 , 56 , 96 , 23 , 39 , 65 
18, 7 , 791 , 45 , 790 , 68 , 429 , 54 , 101 , 25 , 36 , 59 
18, 8 , 824 , 47 , 787 , 67 , 423 , 54 , 100 , 24 , 38 , 63 
18, 9 , 797 , 45 , 790 , 68 , 437 , 55 , 100 , 24 , 37 , 61 
18, 10 , 807 , 46 , 765 , 66 , 428 , 54 , 96 , 24 , 34 , 57 
18, 11 , 824 , 47 , 767 , 66 , 429 , 54 , 94 , 23 , 41 , 68 
18, 12 , 814 , 46 , 754 , 65 , 462 , 59 , 92 , 22 , 36 , 59 
18, 13 , 782 , 45 , 739 , 63 , 453 , 57 , 90 , 22 , 41 , 67 
18, 14 , 792 , 45 , 797 , 68 , 449 , 57 , 96 , 23 , 41 , 68 
18, 15 , 808 , 46 , 822 , 70 , 472 , 60 , 99 , 24 , 40 , 66 
18, 16 , 775 , 44 , 767 , 66 , 449 , 57 , 88 , 21 , 39 , 64 
18, 17 , 788 , 45 , 764 , 66 , 425 , 54 , 86 , 21 , 40 , 65 
18, 18 , 776 , 44 , 778 , 67 , 431 , 55 , 88 , 22 , 43 , 72 
18, 19 , 776 , 44 , 767 , 66 , 428 , 54 , 87 , 21 , 40 , 66 
18, 20 , 795 , 45 , 801 , 69 , 415 , 53 , 86 , 21 , 38 , 63 
18, 21 , 777 , 44 , 770 , 66 , 430 , 54 , 97 , 24 , 40 , 67 
18, 22 , 801 , 46 , 765 , 66 , 424 , 54 , 87 , 21 , 47 , 78 
18, 23 , 801 , 46 , 758 , 65 , 428 , 54 , 87 , 21 , 39 , 64 
18, 24 , 788 , 45 , 760 , 65 , 424 , 54 , 88 , 22 , 38 , 62 
18, 25 , 779 , 44 , 738 , 63 , 431 , 55 , 100 , 24 , 40 , 66 
18, 26 , 790 , 45 , 784 , 67 , 440 , 56 , 91 , 22 , 45 , 74 
18, 27 , 763 , 44 , 781 , 67 , 430 , 54 , 88 , 21 , 39 , 64 
18, 28 , 790 , 45 , 772 , 66 , 412 , 52 , 100 , 24 , 38 , 63 
18, 29 , 791 , 45 , 787 , 67 , 437 , 55 , 92 , 22 , 36 , 60 
18, 30 , 782 , 45 , 761 , 65 , 434 , 55 , 91 , 22 , 36 , 59 
18, 31 , 765 , 44 , 773 , 66 , 420 , 53 , 91 , 22 , 37 , 61 
18, 32 , 751 , 43 , 750 , 64 , 407 , 52 , 89 , 22 , 34 , 57 
18, 33 , 764 , 44 , 772 , 66 , 412 , 52 , 92 , 22 , 38 , 63 
18, 34 , 764 , 44 , 748 , 64 , 420 , 53 , 87 , 21 , 36 , 59 
18, 35 , 751 , 43 , 745 , 64 , 421 , 53 , 90 , 22 , 41 , 68 
18, 36 , 749 , 43 , 743 , 64 , 428 , 54 , 89 , 22 , 43 , 70 
18, 37 , 757 , 43 , 753 , 65 , 428 , 54 , 83 , 20 , 41 , 67 
18, 38 , 754 , 43 , 807 , 69 , 412 , 52 , 86 , 21 , 43 , 70 
18, 39 , 777 , 44 , 780 , 67 , 421 , 53 , 83 , 20 , 43 , 71 
18, 40 , 762 , 43 , 754 , 65 , 418 , 53 , 86 , 21 , 47 , 77 
18, 41 , 776 , 44 , 751 , 64 , 408 , 52 , 90 , 22 , 43 , 72 
18, 42 , 773 , 44 , 749 , 64 , 420 , 53 , 88 , 21 , 41 , 67 
18, 43 , 767 , 44 , 739 , 63 , 422 , 53 , 92 , 22 , 38 , 62 
18, 44 , 766 , 44 , 757 , 65 , 425 , 54 , 84 , 21 , 38 , 63 
18, 45 , 771 , 44 , 776 , 66 , 440 , 56 , 113 , 28 , 41 , 67 
18, 46 , 773 , 44 , 758 , 65 , 433 , 55 , 94 , 23 , 42 , 69 
18, 47 , 751 , 43 , 762 , 65 , 440 , 56 , 80 , 20 , 43 , 71 
18, 48 , 763 , 44 , 745 , 64 , 429 , 54 , 86 , 21 , 47 , 78 
18, 49 , 774 , 44 , 755 , 65 , 435 , 55 , 85 , 21 , 43 , 71 
18, 50 , 755 , 43 , 748 , 64 , 437 , 55 , 86 , 21 , 44 , 73 
18, 51 , 778 , 44 , 806 , 69 , 452 , 57 , 90 , 22 , 41 , 68 
18, 52 , 746 , 43 , 735 , 63 , 438 , 56 , 89 , 22 , 45 , 75 
18, 53 , 762 , 43 , 762 , 65 , 448 , 57 , 87 , 21 , 41 , 67 
18, 54 , 729 , 42 , 748 , 64 , 441 , 56 , 84 , 20 , 43 , 70 
18, 55 , 732 , 42 , 732 , 63 , 441 , 56 , 82 , 20 , 42 , 70 
18, 56 , 750 , 43 , 714 , 61 , 432 , 55 , 82 , 20 , 48 , 78 
18, 57 , 764 , 44 , 769 , 66 , 450 , 57 , 90 , 22 , 41 , 68 
18, 58 , 795 , 45 , 729 , 62 , 435 , 55 , 95 , 23 , 39 , 65 
18, 59 , 727 , 41 , 708 , 61 , 443 , 56 , 86 , 21 , 41 , 68 
19, -   , 757 , 43 , 773 , 66 , 443 , 56 , 89 , 22 , 40 , 65 
19, 1 , 760 , 43 , 851 , 73 , 494 , 63 , 90 , 22 , 38 , 62 
19, 2 , 758 , 43 , 792 , 68 , 470 , 60 , 95 , 23 , 39 , 64 
19, 3 , 723 , 41 , 790 , 68 , 449 , 57 , 87 , 21 , 41 , 68 
19, 4 , 762 , 43 , 829 , 71 , 477 , 60 , 92 , 23 , 43 , 71 
19, 5 , 768 , 44 , 818 , 70 , 465 , 59 , 88 , 22 , 36 , 60 
19, 6 , 760 , 43 , 770 , 66 , 456 , 58 , 79 , 19 , 37 , 61 
19, 7 , 775 , 44 , 719 , 62 , 444 , 56 , 80 , 20 , 41 , 67 
19, 8 , 752 , 43 , 737 , 63 , 447 , 57 , 88 , 21 , 44 , 72 
19, 9 , 731 , 42 , 723 , 62 , 446 , 57 , 82 , 20 , 40 , 66 
19, 10 , 745 , 43 , 691 , 59 , 435 , 55 , 78 , 19 , 39 , 65 
19, 11 , 743 , 42 , 687 , 59 , 436 , 55 , 85 , 21 , 38 , 63 
19, 12 , 745 , 43 , 709 , 61 , 455 , 58 , 82 , 20 , 41 , 68 
19, 13 , 740 , 42 , 692 , 59 , 465 , 59 , 82 , 20 , 46 , 76 
19, 14 , 757 , 43 , 751 , 64 , 445 , 56 , 88 , 22 , 45 , 75 
19, 15 , 775 , 44 , 760 , 65 , 490 , 62 , 92 , 22 , 44 , 73 
19, 16 , 753 , 43 , 707 , 61 , 443 , 56 , 79 , 19 , 37 , 60 
19, 17 , 752 , 43 , 716 , 61 , 432 , 55 , 79 , 19 , 38 , 62 
19, 18 , 742 , 42 , 702 , 60 , 425 , 54 , 83 , 20 , 38 , 62 
19, 19 , 734 , 42 , 696 , 60 , 434 , 55 , 80 , 19 , 39 , 65 
19, 20 , 727 , 41 , 707 , 61 , 433 , 55 , 88 , 22 , 39 , 65 
19, 21 , 731 , 42 , 686 , 59 , 440 , 56 , 82 , 20 , 40 , 65 
19, 22 , 750 , 43 , 685 , 59 , 439 , 56 , 83 , 20 , 41 , 68 
19, 23 , 750 , 43 , 718 , 62 , 444 , 56 , 83 , 20 , 39 , 64 
19, 24 , 743 , 42 , 708 , 61 , 448 , 57 , 84 , 21 , 39 , 64 
19, 25 , 743 , 42 , 713 , 61 , 432 , 55 , 95 , 23 , 40 , 65 
19, 26 , 761 , 43 , 724 , 62 , 461 , 58 , 89 , 22 , 41 , 68 
19, 27 , 733 , 42 , 725 , 62 , 454 , 57 , 93 , 23 , 37 , 61 
19, 28 , 750 , 43 , 728 , 62 , 431 , 55 , 93 , 23 , 41 , 68 
19, 29 , 738 , 42 , 728 , 62 , 439 , 56 , 89 , 22 , 36 , 59 
19, 30 , 750 , 43 , 728 , 62 , 438 , 55 , 87 , 21 , 38 , 62 
19, 31 , 742 , 42 , 731 , 63 , 436 , 55 , 78 , 19 , 39 , 65 
19, 32 , 735 , 42 , 704 , 60 , 448 , 57 , 86 , 21 , 35 , 58 
19, 33 , 736 , 42 , 731 , 63 , 447 , 57 , 85 , 21 , 35 , 58 
19, 34 , 709 , 40 , 708 , 61 , 461 , 58 , 91 , 22 , 41 , 68 
19, 35 , 731 , 42 , 705 , 60 , 450 , 57 , 91 , 22 , 41 , 67 
19, 36 , 743 , 42 , 708 , 61 , 440 , 56 , 87 , 21 , 41 , 67 
19, 37 , 731 , 42 , 704 , 60 , 436 , 55 , 91 , 22 , 38 , 62 
19, 38 , 716 , 41 , 735 , 63 , 440 , 56 , 91 , 22 , 38 , 62 
19, 39 , 718 , 41 , 752 , 64 , 433 , 55 , 94 , 23 , 37 , 61 
19, 40 , 723 , 41 , 743 , 64 , 457 , 58 , 85 , 21 , 41 , 67 
19, 41 , 716 , 41 , 728 , 62 , 446 , 57 , 91 , 22 , 37 , 62 
19, 42 , 710 , 40 , 714 , 61 , 437 , 55 , 88 , 21 , 36 , 60 
19, 43 , 699 , 40 , 714 , 61 , 431 , 55 , 96 , 24 , 39 , 64 
19, 44 , 722 , 41 , 711 , 61 , 456 , 58 , 90 , 22 , 37 , 61 
19, 45 , 751 , 43 , 773 , 66 , 496 , 63 , 137 , 33 , 38 , 62 
19, 46 , 728 , 42 , 745 , 64 , 459 , 58 , 90 , 22 , 37 , 61 
19, 47 , 741 , 42 , 733 , 63 , 455 , 58 , 81 , 20 , 38 , 62 
19, 48 , 742 , 42 , 725 , 62 , 430 , 55 , 94 , 23 , 37 , 61 
19, 49 , 746 , 43 , 731 , 63 , 438 , 55 , 85 , 21 , 32 , 52 
19, 50 , 745 , 42 , 733 , 63 , 444 , 56 , 99 , 24 , 38 , 62 
19, 51 , 722 , 41 , 786 , 67 , 446 , 56 , 99 , 24 , 39 , 65 
19, 52 , 731 , 42 , 719 , 62 , 443 , 56 , 92 , 22 , 41 , 67 
19, 53 , 730 , 42 , 750 , 64 , 440 , 56 , 94 , 23 , 40 , 65 
19, 54 , 750 , 43 , 727 , 62 , 429 , 54 , 93 , 23 , 34 , 57 
19, 55 , 718 , 41 , 707 , 61 , 427 , 54 , 91 , 22 , 34 , 55 
19, 56 , 732 , 42 , 699 , 60 , 449 , 57 , 87 , 21 , 34 , 57 
19, 57 , 759 , 43 , 777 , 67 , 458 , 58 , 96 , 23 , 33 , 54 
19, 58 , 724 , 41 , 714 , 61 , 443 , 56 , 102 , 25 , 38 , 62 
19, 59 , 724 , 41 , 718 , 61 , 451 , 57 , 94 , 23 , 33 , 55 
20, -   , 731 , 42 , 778 , 67 , 459 , 58 , 93 , 23 , 29 , 48 
20, 1 , 781 , 45 , 849 , 73 , 502 , 64 , 109 , 27 , 33 , 55 
20, 2 , 742 , 42 , 845 , 72 , 496 , 63 , 109 , 27 , 34 , 56 
20, 3 , 740 , 42 , 858 , 74 , 490 , 62 , 96 , 24 , 37 , 61 
20, 4 , 745 , 43 , 890 , 76 , 509 , 65 , 105 , 26 , 37 , 61 
20, 5 , 756 , 43 , 804 , 69 , 480 , 61 , 103 , 25 , 35 , 58 
20, 6 , 726 , 41 , 758 , 65 , 457 , 58 , 102 , 25 , 32 , 53 
20, 7 , 740 , 42 , 735 , 63 , 469 , 59 , 102 , 25 , 30 , 49 
20, 8 , 738 , 42 , 706 , 60 , 481 , 61 , 101 , 25 , 32 , 53 
20, 9 , 747 , 43 , 680 , 58 , 488 , 62 , 103 , 25 , 31 , 52 
20, 10 , 745 , 43 , 683 , 59 , 482 , 61 , 94 , 23 , 33 , 54 
20, 11 , 736 , 42 , 683 , 59 , 480 , 61 , 96 , 24 , 36 , 59 
20, 12 , 720 , 41 , 685 , 59 , 495 , 63 , 97 , 24 , 34 , 55 
20, 13 , 737 , 42 , 678 , 58 , 490 , 62 , 107 , 26 , 35 , 57 
20, 14 , 748 , 43 , 734 , 63 , 485 , 61 , 98 , 24 , 38 , 62 
20, 15 , 746 , 43 , 757 , 65 , 506 , 64 , 104 , 25 , 35 , 57 
20, 16 , 756 , 43 , 698 , 60 , 493 , 62 , 91 , 22 , 34 , 56 
20, 17 , 760 , 43 , 691 , 59 , 479 , 61 , 97 , 24 , 28 , 47 
20, 18 , 719 , 41 , 673 , 58 , 479 , 61 , 98 , 24 , 30 , 50 
20, 19 , 712 , 41 , 734 , 63 , 487 , 62 , 93 , 23 , 32 , 53 
20, 20 , 727 , 41 , 704 , 60 , 459 , 58 , 103 , 25 , 39 , 63 
20, 21 , 731 , 42 , 663 , 57 , 460 , 58 , 100 , 24 , 35 , 58 
20, 22 , 723 , 41 , 670 , 57 , 466 , 59 , 108 , 26 , 32 , 53 
20, 23 , 742 , 42 , 751 , 64 , 493 , 62 , 111 , 27 , 29 , 48 
20, 24 , 728 , 42 , 657 , 56 , 459 , 58 , 99 , 24 , 30 , 49 
20, 25 , 718 , 41 , 662 , 57 , 451 , 57 , 106 , 26 , 30 , 50 
20, 26 , 730 , 42 , 686 , 59 , 458 , 58 , 105 , 26 , 31 , 52 
20, 27 , 738 , 42 , 696 , 60 , 481 , 61 , 97 , 24 , 29 , 48 
20, 28 , 744 , 42 , 685 , 59 , 453 , 57 , 107 , 26 , 29 , 49 
20, 29 , 725 , 41 , 671 , 57 , 459 , 58 , 101 , 25 , 29 , 48 
20, 30 , 752 , 43 , 672 , 58 , 459 , 58 , 101 , 25 , 30 , 49 
20, 31 , 743 , 42 , 662 , 57 , 464 , 59 , 104 , 25 , 27 , 45 
20, 32 , 710 , 41 , 653 , 56 , 444 , 56 , 105 , 26 , 29 , 48 
20, 33 , 731 , 42 , 685 , 59 , 450 , 57 , 106 , 26 , 33 , 55 
20, 34 , 732 , 42 , 665 , 57 , 449 , 57 , 105 , 26 , 31 , 51 
20, 35 , 744 , 42 , 663 , 57 , 459 , 58 , 101 , 25 , 27 , 44 
20, 36 , 745 , 43 , 655 , 56 , 449 , 57 , 102 , 25 , 29 , 48 
20, 37 , 733 , 42 , 656 , 56 , 446 , 57 , 115 , 28 , 27 , 45 
20, 38 , 737 , 42 , 696 , 60 , 445 , 56 , 117 , 28 , 29 , 48 
20, 39 , 735 , 42 , 706 , 61 , 440 , 56 , 104 , 25 , 34 , 56 
20, 40 , 736 , 42 , 684 , 59 , 437 , 55 , 115 , 28 , 30 , 49 
20, 41 , 745 , 43 , 669 , 57 , 459 , 58 , 110 , 27 , 31 , 51 
20, 42 , 768 , 44 , 664 , 57 , 456 , 58 , 115 , 28 , 29 , 48 
20, 43 , 762 , 43 , 647 , 55 , 455 , 58 , 108 , 26 , 29 , 47 
20, 44 , 755 , 43 , 664 , 57 , 463 , 59 , 113 , 28 , 30 , 49 
20, 45 , 762 , 43 , 697 , 60 , 470 , 60 , 143 , 35 , 28 , 46 
20, 46 , 767 , 44 , 671 , 58 , 479 , 61 , 110 , 27 , 29 , 48 
20, 47 , 761 , 43 , 672 , 58 , 472 , 60 , 116 , 28 , 26 , 43 
20, 48 , 749 , 43 , 649 , 56 , 465 , 59 , 112 , 27 , 29 , 47 
20, 49 , 771 , 44 , 641 , 55 , 461 , 58 , 111 , 27 , 29 , 48 
20, 50 , 738 , 42 , 649 , 56 , 473 , 60 , 116 , 28 , 28 , 45 
20, 51 , 759 , 43 , 713 , 61 , 467 , 59 , 121 , 30 , 31 , 52 
20, 52 , 753 , 43 , 673 , 58 , 467 , 59 , 116 , 28 , 31 , 51 
20, 53 , 778 , 44 , 696 , 60 , 456 , 58 , 118 , 29 , 27 , 45 
20, 54 , 762 , 43 , 651 , 56 , 467 , 59 , 120 , 29 , 26 , 43 
20, 55 , 773 , 44 , 635 , 54 , 462 , 59 , 116 , 28 , 23 , 38 
20, 56 , 772 , 44 , 625 , 54 , 469 , 59 , 112 , 27 , 26 , 43 
20, 57 , 802 , 46 , 700 , 60 , 436 , 55 , 122 , 30 , 31 , 51 
20, 58 , 771 , 44 , 659 , 56 , 458 , 58 , 116 , 28 , 29 , 47 
20, 59 , 760 , 43 , 645 , 55 , 441 , 56 , 102 , 25 , 29 , 48 
21, -   , 772 , 44 , 704 , 60 , 471 , 60 , 112 , 27 , 32 , 53 
21, 1 , 789 , 45 , 789 , 68 , 500 , 63 , 124 , 30 , 28 , 46 
21, 2 , 782 , 45 , 752 , 64 , 486 , 62 , 125 , 31 , 32 , 53 
21, 3 , 769 , 44 , 730 , 63 , 475 , 60 , 114 , 28 , 32 , 53 
21, 4 , 799 , 46 , 805 , 69 , 496 , 63 , 120 , 29 , 31 , 51 
21, 5 , 794 , 45 , 706 , 61 , 488 , 62 , 118 , 29 , 30 , 50 
21, 6 , 779 , 44 , 678 , 58 , 466 , 59 , 119 , 29 , 30 , 49 
21, 7 , 782 , 45 , 660 , 57 , 469 , 59 , 125 , 31 , 32 , 53 
21, 8 , 780 , 44 , 639 , 55 , 463 , 59 , 121 , 30 , 29 , 47 
21, 9 , 789 , 45 , 648 , 55 , 464 , 59 , 130 , 32 , 28 , 46 
21, 10 , 775 , 44 , 649 , 56 , 464 , 59 , 126 , 31 , 28 , 46 
21, 11 , 784 , 45 , 636 , 55 , 445 , 56 , 123 , 30 , 25 , 41 
21, 12 , 791 , 45 , 655 , 56 , 472 , 60 , 129 , 31 , 26 , 43 
21, 13 , 797 , 45 , 649 , 56 , 468 , 59 , 121 , 30 , 31 , 51 
21, 14 , 801 , 46 , 659 , 56 , 464 , 59 , 136 , 33 , 24 , 40 
21, 15 , 841 , 48 , 677 , 58 , 481 , 61 , 134 , 33 , 25 , 41 
21, 16 , 840 , 48 , 636 , 55 , 450 , 57 , 138 , 34 , 25 , 42 
21, 17 , 806 , 46 , 619 , 53 , 430 , 54 , 136 , 33 , 28 , 47 
21, 18 , 812 , 46 , 621 , 53 , 449 , 57 , 130 , 32 , 31 , 50 
21, 19 , 778 , 44 , 608 , 52 , 425 , 54 , 133 , 32 , 27 , 44 
21, 20 , 798 , 46 , 619 , 53 , 443 , 56 , 140 , 34 , 29 , 48 
21, 21 , 780 , 44 , 617 , 53 , 449 , 57 , 140 , 34 , 27 , 44 
21, 22 , 814 , 46 , 584 , 50 , 430 , 55 , 142 , 35 , 23 , 38 
21, 23 , 806 , 46 , 608 , 52 , 430 , 54 , 143 , 35 , 24 , 39 
21, 24 , 813 , 46 , 611 , 52 , 431 , 55 , 147 , 36 , 23 , 38 
21, 25 , 796 , 45 , 607 , 52 , 423 , 54 , 149 , 36 , 28 , 47 
21, 26 , 790 , 45 , 625 , 54 , 424 , 54 , 148 , 36 , 26 , 42 
21, 27 , 821 , 47 , 656 , 56 , 437 , 55 , 145 , 35 , 22 , 36 
21, 28 , 816 , 47 , 627 , 54 , 428 , 54 , 142 , 35 , 26 , 43 
21, 29 , 818 , 47 , 635 , 54 , 417 , 53 , 144 , 35 , 25 , 42 
21, 30 , 804 , 46 , 626 , 54 , 433 , 55 , 135 , 33 , 28 , 45 
21, 31 , 783 , 45 , 638 , 55 , 430 , 54 , 151 , 37 , 27 , 45 
21, 32 , 780 , 45 , 608 , 52 , 407 , 52 , 155 , 38 , 27 , 45 
21, 33 , 781 , 45 , 631 , 54 , 408 , 52 , 149 , 36 , 25 , 42 
21, 34 , 776 , 44 , 628 , 54 , 414 , 53 , 145 , 35 , 22 , 36 
21, 35 , 801 , 46 , 602 , 52 , 397 , 50 , 152 , 37 , 20 , 32 
21, 36 , 778 , 44 , 618 , 53 , 389 , 49 , 156 , 38 , 22 , 37 
21, 37 , 801 , 46 , 597 , 51 , 398 , 50 , 154 , 38 , 22 , 37 
21, 38 , 801 , 46 , 638 , 55 , 399 , 51 , 152 , 37 , 24 , 40 
21, 39 , 759 , 43 , 636 , 55 , 416 , 53 , 150 , 37 , 25 , 41 
21, 40 , 782 , 45 , 631 , 54 , 408 , 52 , 142 , 35 , 22 , 36 
21, 41 , 778 , 44 , 612 , 52 , 387 , 49 , 156 , 38 , 20 , 33 
21, 42 , 753 , 43 , 621 , 53 , 387 , 49 , 149 , 36 , 20 , 34 
21, 43 , 761 , 43 , 611 , 52 , 368 , 47 , 156 , 38 , 24 , 40 
21, 44 , 765 , 44 , 643 , 55 , 399 , 51 , 147 , 36 , 23 , 37 
21, 45 , 791 , 45 , 655 , 56 , 409 , 52 , 189 , 46 , 23 , 39 
21, 46 , 768 , 44 , 629 , 54 , 403 , 51 , 160 , 39 , 24 , 40 
21, 47 , 796 , 45 , 640 , 55 , 409 , 52 , 161 , 39 , 26 , 42 
21, 48 , 779 , 44 , 603 , 52 , 418 , 53 , 160 , 39 , 22 , 37 
21, 49 , 770 , 44 , 598 , 51 , 407 , 52 , 176 , 43 , 23 , 38 
21, 50 , 758 , 43 , 610 , 52 , 401 , 51 , 158 , 39 , 24 , 39 
21, 51 , 775 , 44 , 658 , 56 , 401 , 51 , 170 , 41 , 25 , 41 
21, 52 , 748 , 43 , 610 , 52 , 392 , 50 , 171 , 42 , 31 , 51 
21, 53 , 755 , 43 , 632 , 54 , 408 , 52 , 166 , 40 , 24 , 40 
21, 54 , 775 , 44 , 594 , 51 , 388 , 49 , 159 , 39 , 25 , 42 
21, 55 , 770 , 44 , 597 , 51 , 381 , 48 , 164 , 40 , 22 , 36 
21, 56 , 749 , 43 , 666 , 57 , 382 , 48 , 160 , 39 , 25 , 42 
21, 57 , 789 , 45 , 742 , 64 , 381 , 48 , 153 , 37 , 23 , 38 
21, 58 , 770 , 44 , 712 , 61 , 384 , 49 , 162 , 40 , 26 , 44 
21, 59 , 759 , 43 , 684 , 59 , 387 , 49 , 167 , 41 , 28 , 47 
22, -   , 759 , 43 , 749 , 64 , 383 , 49 , 167 , 41 , 22 , 36 
22, 1 , 783 , 45 , 845 , 72 , 382 , 48 , 169 , 41 , 21 , 35 
22, 2 , 780 , 44 , 793 , 68 , 380 , 48 , 177 , 43 , 19 , 32 
22, 3 , 762 , 43 , 828 , 71 , 358 , 45 , 172 , 42 , 23 , 38 
22, 4 , 771 , 44 , 873 , 75 , 387 , 49 , 171 , 42 , 24 , 40 
22, 5 , 745 , 42 , 799 , 68 , 388 , 49 , 175 , 43 , 24 , 40 
22, 6 , 763 , 44 , 758 , 65 , 372 , 47 , 176 , 43 , 20 , 33 
22, 7 , 765 , 44 , 699 , 60 , 360 , 46 , 175 , 43 , 26 , 43 
22, 8 , 765 , 44 , 704 , 60 , 370 , 47 , 180 , 44 , 24 , 40 
22, 9 , 777 , 44 , 683 , 59 , 359 , 45 , 184 , 45 , 23 , 37 
22, 10 , 776 , 44 , 659 , 56 , 365 , 46 , 186 , 45 , 21 , 35 
22, 11 , 759 , 43 , 669 , 57 , 351 , 44 , 194 , 47 , 22 , 36 
22, 12 , 767 , 44 , 695 , 60 , 351 , 44 , 186 , 45 , 22 , 36 
22, 13 , 747 , 43 , 708 , 61 , 363 , 46 , 179 , 44 , 19 , 32 
22, 14 , 789 , 45 , 742 , 64 , 347 , 44 , 187 , 46 , 23 , 38 
22, 15 , 798 , 46 , 785 , 67 , 365 , 46 , 178 , 43 , 22 , 36 
22, 16 , 782 , 45 , 720 , 62 , 334 , 42 , 190 , 46 , 25 , 41 
22, 17 , 759 , 43 , 689 , 59 , 333 , 42 , 195 , 48 , 21 , 35 
22, 18 , 774 , 44 , 696 , 60 , 334 , 42 , 194 , 47 , 23 , 39 
22, 19 , 753 , 43 , 697 , 60 , 324 , 41 , 194 , 47 , 21 , 35 
22, 20 , 759 , 43 , 676 , 58 , 337 , 43 , 198 , 48 , 19 , 31 
22, 21 , 756 , 43 , 683 , 58 , 336 , 43 , 195 , 48 , 17 , 28 
22, 22 , 747 , 43 , 684 , 59 , 321 , 41 , 193 , 47 , 20 , 33 
22, 23 , 747 , 43 , 674 , 58 , 325 , 41 , 199 , 49 , 17 , 28 
22, 24 , 725 , 41 , 679 , 58 , 321 , 41 , 191 , 47 , 20 , 33 
22, 25 , 735 , 42 , 668 , 57 , 313 , 40 , 191 , 47 , 20 , 33 
22, 26 , 738 , 42 , 715 , 61 , 318 , 40 , 201 , 49 , 22 , 37 
22, 27 , 737 , 42 , 716 , 61 , 305 , 39 , 208 , 51 , 22 , 37 
22, 28 , 725 , 41 , 698 , 60 , 297 , 38 , 216 , 53 , 18 , 30 
22, 29 , 738 , 42 , 695 , 60 , 307 , 39 , 204 , 50 , 20 , 32 
22, 30 , 738 , 42 , 688 , 59 , 299 , 38 , 203 , 49 , 22 , 37 
22, 31 , 747 , 43 , 698 , 60 , 313 , 40 , 205 , 50 , 18 , 30 
22, 32 , 720 , 41 , 683 , 59 , 279 , 35 , 211 , 51 , 21 , 34 
22, 33 , 705 , 40 , 688 , 59 , 293 , 37 , 215 , 52 , 23 , 37 
22, 34 , 712 , 41 , 683 , 59 , 299 , 38 , 214 , 52 , 24 , 39 
22, 35 , 697 , 40 , 649 , 56 , 290 , 37 , 213 , 52 , 21 , 35 
22, 36 , 696 , 40 , 664 , 57 , 278 , 35 , 218 , 53 , 18 , 29 
22, 37 , 677 , 39 , 676 , 58 , 287 , 36 , 220 , 54 , 18 , 30 
22, 38 , 698 , 40 , 708 , 61 , 290 , 37 , 220 , 54 , 23 , 38 
22, 39 , 688 , 39 , 690 , 59 , 279 , 35 , 221 , 54 , 20 , 34 
22, 40 , 665 , 38 , 675 , 58 , 271 , 34 , 227 , 55 , 22 , 36 
22, 41 , 665 , 38 , 663 , 57 , 276 , 35 , 227 , 55 , 22 , 37 
22, 42 , 677 , 39 , 655 , 56 , 271 , 34 , 217 , 53 , 22 , 36 
22, 43 , 641 , 37 , 652 , 56 , 280 , 35 , 238 , 58 , 20 , 33 
22, 44 , 677 , 39 , 671 , 57 , 273 , 35 , 232 , 57 , 19 , 31 
22, 45 , 705 , 40 , 714 , 61 , 286 , 36 , 265 , 65 , 20 , 33 
22, 46 , 669 , 38 , 678 , 58 , 280 , 36 , 244 , 59 , 18 , 30 
22, 47 , 666 , 38 , 687 , 59 , 284 , 36 , 236 , 58 , 20 , 32 
22, 48 , 652 , 37 , 681 , 58 , 281 , 36 , 238 , 58 , 20 , 33 
22, 49 , 651 , 37 , 686 , 59 , 266 , 34 , 244 , 60 , 19 , 31 
22, 50 , 660 , 38 , 681 , 58 , 267 , 34 , 246 , 60 , 16 , 27 
22, 51 , 660 , 38 , 733 , 63 , 269 , 34 , 261 , 64 , 17 , 28 
22, 52 , 620 , 35 , 673 , 58 , 253 , 32 , 260 , 63 , 16 , 26 
22, 53 , 654 , 37 , 714 , 61 , 264 , 33 , 259 , 63 , 17 , 28 
22, 54 , 620 , 35 , 666 , 57 , 243 , 31 , 266 , 65 , 21 , 34 
22, 55 , 617 , 35 , 645 , 55 , 230 , 29 , 251 , 61 , 21 , 35 
22, 56 , 622 , 35 , 639 , 55 , 228 , 29 , 261 , 64 , 23 , 37 
22, 57 , 622 , 35 , 708 , 61 , 246 , 31 , 258 , 63 , 18 , 30 
22, 58 , 628 , 36 , 657 , 56 , 244 , 31 , 242 , 59 , 16 , 27 
22, 59 , 614 , 35 , 645 , 55 , 233 , 30 , 245 , 60 , 16 , 26 
23, -   , 610 , 35 , 711 , 61 , 244 , 31 , 258 , 63 , 15 , 25 
23, 1 , 618 , 35 , 783 , 67 , 252 , 32 , 251 , 61 , 18 , 29 
23, 2 , 612 , 35 , 769 , 66 , 252 , 32 , 270 , 66 , 20 , 33 
23, 3 , 591 , 34 , 730 , 63 , 248 , 31 , 264 , 64 , 18 , 30 
23, 4 , 583 , 33 , 774 , 66 , 247 , 31 , 275 , 67 , 24 , 39 
23, 5 , 592 , 34 , 712 , 61 , 244 , 31 , 271 , 66 , 17 , 28 
23, 6 , 595 , 34 , 653 , 56 , 229 , 29 , 270 , 66 , 15 , 24 
23, 7 , 573 , 33 , 631 , 54 , 221 , 28 , 267 , 65 , 18 , 30 
23, 8 , 577 , 33 , 641 , 55 , 217 , 27 , 262 , 64 , 17 , 29 
23, 9 , 552 , 31 , 617 , 53 , 226 , 29 , 275 , 67 , 19 , 31 
23, 10 , 554 , 32 , 608 , 52 , 222 , 28 , 282 , 69 , 16 , 26 
23, 11 , 534 , 30 , 598 , 51 , 214 , 27 , 265 , 65 , 19 , 32 
23, 12 , 543 , 31 , 600 , 51 , 226 , 29 , 279 , 68 , 19 , 31 
23, 13 , 531 , 30 , 620 , 53 , 225 , 28 , 274 , 67 , 17 , 28 
23, 14 , 543 , 31 , 671 , 57 , 221 , 28 , 294 , 72 , 17 , 29 
23, 15 , 540 , 31 , 692 , 59 , 230 , 29 , 288 , 70 , 19 , 31 
23, 16 , 519 , 30 , 641 , 55 , 222 , 28 , 289 , 71 , 17 , 29 
23, 17 , 515 , 29 , 604 , 52 , 203 , 26 , 290 , 71 , 18 , 29 
23, 18 , 508 , 29 , 575 , 49 , 195 , 25 , 280 , 68 , 18 , 29 
23, 19 , 510 , 29 , 597 , 51 , 198 , 25 , 280 , 68 , 18 , 30 
23, 20 , 517 , 29 , 603 , 52 , 191 , 24 , 280 , 68 , 17 , 28 
23, 21 , 507 , 29 , 590 , 51 , 191 , 24 , 295 , 72 , 17 , 28 
23, 22 , 518 , 30 , 582 , 50 , 180 , 23 , 283 , 69 , 17 , 28 
23, 23 , 504 , 29 , 605 , 52 , 197 , 25 , 301 , 74 , 21 , 34 
23, 24 , 499 , 28 , 570 , 49 , 188 , 24 , 282 , 69 , 21 , 34 
23, 25 , 500 , 29 , 564 , 48 , 183 , 23 , 286 , 70 , 21 , 34 
23, 26 , 503 , 29 , 605 , 52 , 188 , 24 , 303 , 74 , 19 , 32 
23, 27 , 501 , 29 , 602 , 52 , 192 , 24 , 289 , 71 , 18 , 30 
23, 28 , 470 , 27 , 580 , 50 , 167 , 21 , 291 , 71 , 18 , 29 
23, 29 , 477 , 27 , 602 , 52 , 168 , 21 , 306 , 75 , 20 , 33 
23, 30 , 464 , 26 , 590 , 51 , 167 , 21 , 292 , 71 , 17 , 28 
23, 31 , 467 , 27 , 592 , 51 , 176 , 22 , 293 , 71 , 17 , 29 
23, 32 , 460 , 26 , 566 , 49 , 168 , 21 , 289 , 71 , 18 , 29 
23, 33 , 464 , 26 , 574 , 49 , 162 , 20 , 297 , 73 , 18 , 29 
23, 34 , 452 , 26 , 523 , 45 , 165 , 21 , 304 , 74 , 18 , 30 
23, 35 , 446 , 25 , 502 , 43 , 157 , 20 , 307 , 75 , 22 , 36 
23, 36 , 442 , 25 , 508 , 44 , 160 , 20 , 311 , 76 , 19 , 32 
23, 37 , 446 , 25 , 521 , 45 , 145 , 18 , 308 , 75 , 18 , 29 
23, 38 , 434 , 25 , 542 , 46 , 151 , 19 , 316 , 77 , 20 , 32 
23, 39 , 449 , 26 , 558 , 48 , 144 , 18 , 309 , 75 , 19 , 32 
23, 40 , 431 , 25 , 537 , 46 , 151 , 19 , 313 , 76 , 15 , 25 
23, 41 , 433 , 25 , 538 , 46 , 148 , 19 , 309 , 75 , 18 , 30 
23, 42 , 420 , 24 , 533 , 46 , 136 , 17 , 324 , 79 , 18 , 29 
23, 43 , 405 , 23 , 539 , 46 , 143 , 18 , 300 , 73 , 15 , 25 
23, 44 , 383 , 22 , 544 , 47 , 141 , 18 , 321 , 78 , 20 , 33 
23, 45 , 401 , 23 , 603 , 52 , 146 , 19 , 371 , 91 , 16 , 27 
23, 46 , 410 , 23 , 545 , 47 , 145 , 18 , 338 , 83 , 17 , 27 
23, 47 , 394 , 22 , 538 , 46 , 148 , 19 , 316 , 77 , 16 , 27 
23, 48 , 388 , 22 , 533 , 46 , 130 , 17 , 321 , 78 , 15 , 25 
23, 49 , 406 , 23 , 537 , 46 , 136 , 17 , 335 , 82 , 17 , 28 
23, 50 , 387 , 22 , 526 , 45 , 132 , 17 , 324 , 79 , 18 , 30 
23, 51 , 391 , 22 , 583 , 50 , 149 , 19 , 326 , 79 , 15 , 25 
23, 52 , 381 , 22 , 540 , 46 , 131 , 17 , 328 , 80 , 18 , 30 
23, 53 , 383 , 22 , 571 , 49 , 134 , 17 , 319 , 78 , 15 , 25 
23, 54 , 363 , 21 , 524 , 45 , 133 , 17 , 337 , 82 , 14 , 22 
23, 55 , 367 , 21 , 516 , 44 , 140 , 18 , 334 , 82 , 13 , 22 
23, 56 , 353 , 20 , 515 , 44 , 127 , 16 , 338 , 82 , 15 , 25 
23, 57 , 357 , 20 , 570 , 49 , 135 , 17 , 341 , 83 , 14 , 23 
23, 58 , 364 , 21 , 531 , 46 , 124 , 16 , 331 , 81 , 13 , 22 
23, 59 , 358 , 20 , 508 , 44 , 125 , 16 , 343 , 84 , 15 , 25 
